,accuracy,level,L2Norm,RMSerror,grid_points,adaptive,train_data
0,0.0242267284133,1,0.69608517314,0.0415773822702,1,Level: 1 adaptive: 0,100
0,0.0242267284133,1,0.69608517314,0.0415773822702,1,Level: 1 adaptive: 1,100
0,0.00792164076604,2,0.398036198506,0.011631530837,19,Level: 2 adaptive: 0,100
0,0.00792164076604,2,0.398036198506,0.011631530837,19,Level: 2 adaptive: 1,100
0,0.0591118753412,3,1.08730745736,0.0876912633057,199,Level: 3 adaptive: 0,100
0,0.0591118753412,3,1.08730745736,0.0876912633057,199,Level: 3 adaptive: 1,100
0,0.0175492045238,4,0.592439102757,0.027557599478,1519,Level: 4 adaptive: 0,100
0,0.0175492045238,4,0.592439102757,0.027557599478,1519,Level: 4 adaptive: 1,100
0,0.0148857973582,1,0.771642335753,0.0228568815661,1,Level: 1 adaptive: 0,200
0,0.0148857973582,1,0.771642335753,0.0228568815661,1,Level: 1 adaptive: 1,200
0,0.00324989399858,2,0.360549247598,0.00493403632528,19,Level: 2 adaptive: 0,200
0,0.00324989399858,2,0.360549247598,0.00493403632528,19,Level: 2 adaptive: 1,200
0,0.24656559892,3,3.14048148487,0.466432158404,199,Level: 3 adaptive: 0,200
0,0.0348743882654,1,0.835157329674,0.0913155122333,1,Level: 1 adaptive: 0,100
0,0.0348743882654,1,0.835157329674,0.0913155122333,1,Level: 1 adaptive: 1,100
0,0.00987214594943,2,0.44434549507,0.0193722010916,19,Level: 2 adaptive: 0,100
0,0.00987214594943,2,0.44434549507,0.0193722010916,19,Level: 2 adaptive: 1,100
0,0.0137638570965,3,0.524668602005,0.0187148433485,199,Level: 3 adaptive: 0,100
0,0.0137638570965,3,0.524668602005,0.0187148433485,199,Level: 3 adaptive: 1,100
0,0.0194811044449,4,0.624197155471,0.0357021455475,1519,Level: 4 adaptive: 0,100
0,0.0194811044449,4,0.624197155471,0.0357021455475,1519,Level: 4 adaptive: 1,100
0,0.0191862345234,1,0.876041883096,0.0432456266999,1,Level: 1 adaptive: 0,200
0,0.0191862345234,1,0.876041883096,0.0432456266999,1,Level: 1 adaptive: 1,200
0,0.005244723233,2,0.458027214606,0.00889883558771,19,Level: 2 adaptive: 0,200
0,0.005244723233,2,0.458027214606,0.00889883558771,19,Level: 2 adaptive: 1,200
0,0.0444506055717,3,1.33342574704,0.0749145636256,199,Level: 3 adaptive: 0,200
0,0.0444506055717,3,1.33342574704,0.0749145636256,199,Level: 3 adaptive: 1,200
0,0.0127152501169,4,0.713168987461,0.0207566030982,1519,Level: 4 adaptive: 0,200
0,0.0127152501169,4,0.713168987461,0.0207566030982,1519,Level: 4 adaptive: 1,200
0,0.0142075996145,1,0.923285425463,0.0214636517994,1,Level: 1 adaptive: 0,300
0,0.0142075996145,1,0.923285425463,0.0214636517994,1,Level: 1 adaptive: 1,300
0,0.00322390282545,2,0.43981151591,0.00550457887063,19,Level: 2 adaptive: 0,300
0,0.00322390282545,2,0.43981151591,0.00550457887063,19,Level: 2 adaptive: 1,300
0,0.0113971188823,3,0.826938409397,0.0196277745716,199,Level: 3 adaptive: 0,300
0,0.0113971188823,3,0.826938409397,0.0196277745716,199,Level: 3 adaptive: 1,300
0,0.0115247453578,4,0.831555603354,0.0191851373845,1519,Level: 4 adaptive: 0,300
0,0.0115247453578,4,0.831555603354,0.0191851373845,1519,Level: 4 adaptive: 1,300
0,0.0211816576355,1,1.30174214453,0.0367437459281,1,Level: 1 adaptive: 0,400
0,0.0211816576355,1,1.30174214453,0.0367437459281,1,Level: 1 adaptive: 1,400
0,0.00420032295283,2,0.579677355282,0.00772788339474,19,Level: 2 adaptive: 0,400
0,0.00420032295283,2,0.579677355282,0.00772788339474,19,Level: 2 adaptive: 1,400
0,0.00799247235559,3,0.799623529198,0.0132650586686,199,Level: 3 adaptive: 0,400
0,0.00799247235559,3,0.799623529198,0.0132650586686,199,Level: 3 adaptive: 1,400
0,0.0231979346931,4,1.36229026843,0.0378788093938,1519,Level: 4 adaptive: 0,400
0,0.0231979346931,4,1.36229026843,0.0378788093938,1519,Level: 4 adaptive: 1,400
0,0.0194698902024,1,1.39534548419,0.0414894142866,1,Level: 1 adaptive: 0,500
0,0.0194698902024,1,1.39534548419,0.0414894142866,1,Level: 1 adaptive: 1,500
0,0.00732858295307,2,0.856071431194,0.0187682598726,19,Level: 2 adaptive: 0,500
0,0.00732858295307,2,0.856071431194,0.0187682598726,19,Level: 2 adaptive: 1,500
0,0.00831326832087,3,0.911771260836,0.0176409592947,199,Level: 3 adaptive: 0,500
0,0.00831326832087,3,0.911771260836,0.0176409592947,199,Level: 3 adaptive: 1,500
0,0.0233297092449,4,1.52740660091,0.0423029209758,1519,Level: 4 adaptive: 0,500
0,0.0233297092449,4,1.52740660091,0.0423029209758,1519,Level: 4 adaptive: 1,500
0,0.0167591527755,1,1.41813198718,0.0284905103106,1,Level: 1 adaptive: 0,600
0,0.0167591527755,1,1.41813198718,0.0284905103106,1,Level: 1 adaptive: 1,600
0,0.00568442519533,2,0.825912237129,0.0136330237418,19,Level: 2 adaptive: 0,600
0,0.00568442519533,2,0.825912237129,0.0136330237418,19,Level: 2 adaptive: 1,600
0,0.00570171485862,3,0.82716732469,0.0121943056806,199,Level: 3 adaptive: 0,600
0,0.00570171485862,3,0.82716732469,0.0121943056806,199,Level: 3 adaptive: 1,600
0,0.0298743004235,4,1.89338745396,0.060479766167,1519,Level: 4 adaptive: 0,600
0,0.0298743004235,4,1.89338745396,0.060479766167,1519,Level: 4 adaptive: 1,600
0,0.0167369923382,1,1.53074456633,0.0339467769252,1,Level: 1 adaptive: 0,700
0,0.0167369923382,1,1.53074456633,0.0339467769252,1,Level: 1 adaptive: 1,700
0,0.00507160244743,2,0.842629421894,0.00864452598808,19,Level: 2 adaptive: 0,700
0,0.00507160244743,2,0.842629421894,0.00864452598808,19,Level: 2 adaptive: 1,700
0,0.00598925066933,3,0.915693777257,0.011106256285,199,Level: 3 adaptive: 0,700
0,0.00598925066933,3,0.915693777257,0.011106256285,199,Level: 3 adaptive: 1,700
0,0.045777631465,4,2.53157429381,0.0968832586495,1519,Level: 4 adaptive: 0,700
0,0.045777631465,4,2.53157429381,0.0968832586495,1519,Level: 4 adaptive: 1,700
0,0.0251440430736,1,2.0057534474,0.0649008260597,1,Level: 1 adaptive: 0,800
0,0.0251440430736,1,2.0057534474,0.0649008260597,1,Level: 1 adaptive: 1,800
0,0.005531660465,2,0.940779291014,0.013095050901,19,Level: 2 adaptive: 0,800
0,0.005531660465,2,0.940779291014,0.013095050901,19,Level: 2 adaptive: 1,800
0,0.00497268836066,3,0.891981018692,0.00938733592541,199,Level: 3 adaptive: 0,800
0,0.00497268836066,3,0.891981018692,0.00938733592541,199,Level: 3 adaptive: 1,800
0,0.0378712527583,4,2.46158494498,0.0721721682592,1519,Level: 4 adaptive: 0,800
0,0.0378712527583,4,2.46158494498,0.0721721682592,1519,Level: 4 adaptive: 1,800
0,0.0304578879393,1,2.34145677497,0.0746930865988,1,Level: 1 adaptive: 0,900
0,0.0304578879393,1,2.34145677497,0.0746930865988,1,Level: 1 adaptive: 1,900
0,0.00681873321402,2,1.10786821352,0.0143019959516,19,Level: 2 adaptive: 0,900
0,0.00681873321402,2,1.10786821352,0.0143019959516,19,Level: 2 adaptive: 1,900
0,0.005257181713,3,0.972775774956,0.00899212856706,199,Level: 3 adaptive: 0,900
0,0.005257181713,3,0.972775774956,0.00899212856706,199,Level: 3 adaptive: 1,900
0,0.0799191431086,4,3.79281501784,0.155550646357,1519,Level: 4 adaptive: 0,900
0,0.0799191431086,4,3.79281501784,0.155550646357,1519,Level: 4 adaptive: 1,900
0,0.0219026469694,1,2.09297142692,0.0566327278572,1,Level: 1 adaptive: 0,1000
0,0.0219026469694,1,2.09297142692,0.0566327278572,1,Level: 1 adaptive: 1,1000
0,0.00506435242536,2,1.00641466855,0.0126175325474,19,Level: 2 adaptive: 0,1000
0,0.00506435242536,2,1.00641466855,0.0126175325474,19,Level: 2 adaptive: 1,1000
0,0.0045536106337,3,0.954317623613,0.00787644623297,199,Level: 3 adaptive: 0,1000
0,0.0045536106337,3,0.954317623613,0.00787644623297,199,Level: 3 adaptive: 1,1000
0,0.0854285212562,4,4.13348572651,0.200875667938,1519,Level: 4 adaptive: 0,1000
0,0.0854285212562,4,4.13348572651,0.200875667938,1519,Level: 4 adaptive: 1,1000
0,0.0208921786161,1,2.14389348978,0.0510618988788,1,Level: 1 adaptive: 0,1100
0,0.0208921786161,1,2.14389348978,0.0510618988788,1,Level: 1 adaptive: 1,1100
0,0.00523286110115,2,1.07295360676,0.0125567379489,19,Level: 2 adaptive: 0,1100
0,0.00523286110115,2,1.07295360676,0.0125567379489,19,Level: 2 adaptive: 1,1100
0,0.00469825821405,3,1.01666946796,0.00927968409703,199,Level: 3 adaptive: 0,1100
0,0.00469825821405,3,1.01666946796,0.00927968409703,199,Level: 3 adaptive: 1,1100
0,0.0523199424943,4,3.3926961769,0.13269082962,1519,Level: 4 adaptive: 0,1100
0,0.0523199424943,4,3.3926961769,0.13269082962,1519,Level: 4 adaptive: 1,1100
0,0.0224295365614,1,2.32014843808,0.0529133270702,1,Level: 1 adaptive: 0,1200
0,0.0224295365614,1,2.32014843808,0.0529133270702,1,Level: 1 adaptive: 1,1200
0,0.00463417447788,2,1.05460982107,0.0101446913322,19,Level: 2 adaptive: 0,1200
0,0.00463417447788,2,1.05460982107,0.0101446913322,19,Level: 2 adaptive: 1,1200
0,0.00383408346034,3,0.959260147447,0.00628428461222,199,Level: 3 adaptive: 0,1200
0,0.00383408346034,3,0.959260147447,0.00628428461222,199,Level: 3 adaptive: 1,1200
0,0.075711575032,4,4.26271955536,0.267017603731,1519,Level: 4 adaptive: 0,1200
0,0.075711575032,4,4.26271955536,0.267017603731,1519,Level: 4 adaptive: 1,1200
0,0.0183319341987,1,2.18318640791,0.0336511651931,1,Level: 1 adaptive: 0,1300
0,0.0183319341987,1,2.18318640791,0.0336511651931,1,Level: 1 adaptive: 1,1300
0,0.00530842988963,2,1.1748156329,0.0116687272341,19,Level: 2 adaptive: 0,1300
0,0.00530842988963,2,1.1748156329,0.0116687272341,19,Level: 2 adaptive: 1,1300
0,0.00454580673116,3,1.08715672748,0.00875562589045,199,Level: 3 adaptive: 0,1300
0,0.00454580673116,3,1.08715672748,0.00875562589045,199,Level: 3 adaptive: 1,1300
0,0.0331704075036,4,2.93671686598,0.0728011276411,1519,Level: 4 adaptive: 0,1300
0,0.0331704075036,4,2.93671686598,0.0728011276411,1519,Level: 4 adaptive: 1,1300
0,0.0225951080906,1,2.5152793613,0.0538944533023,1,Level: 1 adaptive: 0,1400
0,0.0225951080906,1,2.5152793613,0.0538944533023,1,Level: 1 adaptive: 1,1400
0,0.00600479157893,2,1.29666558607,0.0124013560303,19,Level: 2 adaptive: 0,1400
0,0.00600479157893,2,1.29666558607,0.0124013560303,19,Level: 2 adaptive: 1,1400
0,0.0042009263659,3,1.08455492367,0.00760308655608,199,Level: 3 adaptive: 0,1400
0,0.0042009263659,3,1.08455492367,0.00760308655608,199,Level: 3 adaptive: 1,1400
0,0.0412255336453,4,3.39752106994,0.117241404609,1519,Level: 4 adaptive: 0,1400
0,0.0412255336453,4,3.39752106994,0.117241404609,1519,Level: 4 adaptive: 1,1400
0,0.0195190972999,1,2.41986139892,0.0392315537711,1,Level: 1 adaptive: 0,1500
0,0.0195190972999,1,2.41986139892,0.0392315537711,1,Level: 1 adaptive: 1,1500
0,0.00509369869673,2,1.23616730624,0.00862213436222,19,Level: 2 adaptive: 0,1500
0,0.00509369869673,2,1.23616730624,0.00862213436222,19,Level: 2 adaptive: 1,1500
0,0.00415106836131,3,1.11593929422,0.00743325393974,199,Level: 3 adaptive: 0,1500
0,0.00415106836131,3,1.11593929422,0.00743325393974,199,Level: 3 adaptive: 1,1500
0,0.0228643323407,4,2.61902647986,0.0527325468839,1519,Level: 4 adaptive: 0,1500
0,0.0228643323407,4,2.61902647986,0.0527325468839,1519,Level: 4 adaptive: 1,1500
0,0.0135343313524,1,0.520275529934,0.0238333159569,1,Level: 1 adaptive: 0,100
0,0.0135343313524,1,0.520275529934,0.0238333159569,1,Level: 1 adaptive: 1,100
0,0.00746800820598,2,0.3864714273,0.01091656857,19,Level: 2 adaptive: 0,100
0,0.00746800820598,2,0.3864714273,0.01091656857,19,Level: 2 adaptive: 1,100
0,0.0154983830654,3,0.556747394522,0.0227856687936,199,Level: 3 adaptive: 0,100
0,0.0154983830654,3,0.556747394522,0.0227856687936,199,Level: 3 adaptive: 1,100
0,0.00995281752368,4,0.446157315836,0.0129258009733,1519,Level: 4 adaptive: 0,100
0,0.00995281752368,4,0.446157315836,0.0129258009733,1519,Level: 4 adaptive: 1,100
0,0.017443800716,1,0.835315526396,0.0293696765383,1,Level: 1 adaptive: 0,200
0,0.017443800716,1,0.835315526396,0.0293696765383,1,Level: 1 adaptive: 1,200
0,0.00645504527734,2,0.508135622736,0.0107938453601,19,Level: 2 adaptive: 0,200
0,0.00645504527734,2,0.508135622736,0.0107938453601,19,Level: 2 adaptive: 1,200
0,0.077112864976,3,1.75627862227,0.156223566074,199,Level: 3 adaptive: 0,200
0,0.077112864976,3,1.75627862227,0.156223566074,199,Level: 3 adaptive: 1,200
0,0.00858158370574,4,0.585886804963,0.0129467138455,1519,Level: 4 adaptive: 0,200
0,0.00858158370574,4,0.585886804963,0.0129467138455,1519,Level: 4 adaptive: 1,200
0,0.0118927845531,1,0.844728993929,0.0191338926314,1,Level: 1 adaptive: 0,300
0,0.0118927845531,1,0.844728993929,0.0191338926314,1,Level: 1 adaptive: 1,300
0,0.0051299632611,2,0.554795273651,0.00764510658859,19,Level: 2 adaptive: 0,300
0,0.0051299632611,2,0.554795273651,0.00764510658859,19,Level: 2 adaptive: 1,300
0,0.011121488396,3,0.816877777736,0.0227896303195,199,Level: 3 adaptive: 0,300
0,0.011121488396,3,0.816877777736,0.0227896303195,199,Level: 3 adaptive: 1,300
0,0.0215395086341,4,1.13682475257,0.0510714700013,1519,Level: 4 adaptive: 0,300
0,0.0215395086341,4,1.13682475257,0.0510714700013,1519,Level: 4 adaptive: 1,300
0,0.0232288126624,1,1.36319661568,0.0548446164086,1,Level: 1 adaptive: 0,400
0,0.0232288126624,1,1.36319661568,0.0548446164086,1,Level: 1 adaptive: 1,400
0,0.00600695393598,2,0.693221692446,0.0119531353977,19,Level: 2 adaptive: 0,400
0,0.00600695393598,2,0.693221692446,0.0119531353977,19,Level: 2 adaptive: 1,400
0,0.00757451642327,3,0.77843516998,0.0118864501401,199,Level: 3 adaptive: 0,400
0,0.00757451642327,3,0.77843516998,0.0118864501401,199,Level: 3 adaptive: 1,400
0,0.0146689108117,4,1.08328798799,0.0264959826597,1519,Level: 4 adaptive: 0,400
0,0.0146689108117,4,1.08328798799,0.0264959826597,1519,Level: 4 adaptive: 1,400
0,0.0176483723248,1,1.32847176578,0.0331735923903,1,Level: 1 adaptive: 0,500
0,0.0176483723248,1,1.32847176578,0.0331735923903,1,Level: 1 adaptive: 1,500
0,0.00643564282563,2,0.80222458362,0.0101747022394,19,Level: 2 adaptive: 0,500
0,0.00643564282563,2,0.80222458362,0.0101747022394,19,Level: 2 adaptive: 1,500
0,0.00898892606498,3,0.948099470782,0.0263808268714,199,Level: 3 adaptive: 0,500
0,0.00898892606498,3,0.948099470782,0.0263808268714,199,Level: 3 adaptive: 1,500
0,0.0221868402425,4,1.48952476457,0.0422074760259,1519,Level: 4 adaptive: 0,500
0,0.0221868402425,4,1.48952476457,0.0422074760259,1519,Level: 4 adaptive: 1,500
0,0.0294929560164,1,1.88126412871,0.0717061715983,1,Level: 1 adaptive: 0,600
0,0.0294929560164,1,1.88126412871,0.0717061715983,1,Level: 1 adaptive: 1,600
0,0.00648944785548,2,0.882458918397,0.0135349321611,19,Level: 2 adaptive: 0,600
0,0.00648944785548,2,0.882458918397,0.0135349321611,19,Level: 2 adaptive: 1,600
0,0.00583442287489,3,0.83673815796,0.0124647334137,199,Level: 3 adaptive: 0,600
0,0.00583442287489,3,0.83673815796,0.0124647334137,199,Level: 3 adaptive: 1,600
0,0.0224790099095,4,1.64240104394,0.0440047456441,1519,Level: 4 adaptive: 0,600
0,0.0224790099095,4,1.64240104394,0.0440047456441,1519,Level: 4 adaptive: 1,600
0,0.0182189028719,1,1.59707432578,0.0382603017915,1,Level: 1 adaptive: 0,700
0,0.0182189028719,1,1.59707432578,0.0382603017915,1,Level: 1 adaptive: 1,700
0,0.00435737938046,2,0.781046165899,0.00808887482189,19,Level: 2 adaptive: 0,700
0,0.00435737938046,2,0.781046165899,0.00808887482189,19,Level: 2 adaptive: 1,700
0,0.00476024926429,3,0.816354639235,0.00952118556463,199,Level: 3 adaptive: 0,700
0,0.00476024926429,3,0.816354639235,0.00952118556463,199,Level: 3 adaptive: 1,700
0,0.0417216058818,4,2.4168212229,0.0922399760154,1519,Level: 4 adaptive: 0,700
0,0.0417216058818,4,2.4168212229,0.0922399760154,1519,Level: 4 adaptive: 1,700
0,0.0241839531437,1,1.96708731453,0.0595513126497,1,Level: 1 adaptive: 0,800
0,0.0241839531437,1,1.96708731453,0.0595513126497,1,Level: 1 adaptive: 1,800
0,0.0062129119194,2,0.997028538761,0.0135016358037,19,Level: 2 adaptive: 0,800
0,0.0062129119194,2,0.997028538761,0.0135016358037,19,Level: 2 adaptive: 1,800
0,0.00581267555529,3,0.964379639378,0.010945522763,199,Level: 3 adaptive: 0,800
0,0.00581267555529,3,0.964379639378,0.010945522763,199,Level: 3 adaptive: 1,800
0,0.0696248160805,4,3.33765944531,0.166346054324,1519,Level: 4 adaptive: 0,800
0,0.0696248160805,4,3.33765944531,0.166346054324,1519,Level: 4 adaptive: 1,800
0,0.0242824099151,1,2.09065391319,0.0673371703164,1,Level: 1 adaptive: 0,900
0,0.0242824099151,1,2.09065391319,0.0673371703164,1,Level: 1 adaptive: 1,900
0,0.00624380435246,2,1.0601343233,0.0143042635099,19,Level: 2 adaptive: 0,900
0,0.00624380435246,2,1.0601343233,0.0143042635099,19,Level: 2 adaptive: 1,900
0,0.00603167593324,3,1.04197008977,0.0116609128723,199,Level: 3 adaptive: 0,900
0,0.00603167593324,3,1.04197008977,0.0116609128723,199,Level: 3 adaptive: 1,900
0,0.0934533775082,4,4.10141535954,0.256490283633,1519,Level: 4 adaptive: 0,900
0,0.0934533775082,4,4.10141535954,0.256490283633,1519,Level: 4 adaptive: 1,900
0,0.0188939084483,1,1.94390886866,0.0341635667302,1,Level: 1 adaptive: 0,1000
0,0.0188939084483,1,1.94390886866,0.0341635667302,1,Level: 1 adaptive: 1,1000
0,0.00467104101965,2,0.966544465573,0.00764416923184,19,Level: 2 adaptive: 0,1000
0,0.00467104101965,2,0.966544465573,0.00764416923184,19,Level: 2 adaptive: 1,1000
0,0.0057370796469,3,1.07117502276,0.0106007736648,199,Level: 3 adaptive: 0,1000
0,0.0057370796469,3,1.07117502276,0.0106007736648,199,Level: 3 adaptive: 1,1000
0,0.113509861312,4,4.76465867218,0.278112497057,1519,Level: 4 adaptive: 0,1000
0,0.113509861312,4,4.76465867218,0.278112497057,1519,Level: 4 adaptive: 1,1000
0,0.0162926074392,1,1.89324420945,0.0285171399272,1,Level: 1 adaptive: 0,1100
0,0.0162926074392,1,1.89324420945,0.0285171399272,1,Level: 1 adaptive: 1,1100
0,0.00511455536622,2,1.06075547633,0.00857859183743,19,Level: 2 adaptive: 0,1100
0,0.00511455536622,2,1.06075547633,0.00857859183743,19,Level: 2 adaptive: 1,1100
0,0.00459347494686,3,1.00526836631,0.00813205093619,199,Level: 3 adaptive: 0,1100
0,0.00459347494686,3,1.00526836631,0.00813205093619,199,Level: 3 adaptive: 1,1100
0,0.059023863584,4,3.60350523636,0.147698535868,1519,Level: 4 adaptive: 0,1100
0,0.059023863584,4,3.60350523636,0.147698535868,1519,Level: 4 adaptive: 1,1100
0,0.0197969233513,1,2.17973888443,0.0354836682484,1,Level: 1 adaptive: 0,1200
0,0.0197969233513,1,2.17973888443,0.0354836682484,1,Level: 1 adaptive: 1,1200
0,0.00526504553182,2,1.12410450032,0.00912585817152,19,Level: 2 adaptive: 0,1200
0,0.00526504553182,2,1.12410450032,0.00912585817152,19,Level: 2 adaptive: 1,1200
0,0.00474115890535,3,1.06671370915,0.00845782239427,199,Level: 3 adaptive: 0,1200
0,0.00474115890535,3,1.06671370915,0.00845782239427,199,Level: 3 adaptive: 1,1200
0,0.0500983485239,4,3.46750683427,0.112696062442,1519,Level: 4 adaptive: 0,1200
0,0.0500983485239,4,3.46750683427,0.112696062442,1519,Level: 4 adaptive: 1,1200
0,0.0196422766572,1,2.25986546743,0.0395892302796,1,Level: 1 adaptive: 0,1300
0,0.0196422766572,1,2.25986546743,0.0395892302796,1,Level: 1 adaptive: 1,1300
0,0.00516518188209,2,1.15885602615,0.00907686134612,19,Level: 2 adaptive: 0,1300
0,0.00516518188209,2,1.15885602615,0.00907686134612,19,Level: 2 adaptive: 1,1300
0,0.00414427187159,3,1.03803212215,0.00706477951607,199,Level: 3 adaptive: 0,1300
0,0.00414427187159,3,1.03803212215,0.00706477951607,199,Level: 3 adaptive: 1,1300
0,0.050160281909,4,3.6113256979,0.146655285784,1519,Level: 4 adaptive: 0,1300
0,0.050160281909,4,3.6113256979,0.146655285784,1519,Level: 4 adaptive: 1,1300
0,0.025030671908,1,2.64737381838,0.0625519279928,1,Level: 1 adaptive: 0,1400
0,0.025030671908,1,2.64737381838,0.0625519279928,1,Level: 1 adaptive: 1,1400
0,0.00583549367034,2,1.278255932,0.0137796306123,19,Level: 2 adaptive: 0,1400
0,0.00583549367034,2,1.278255932,0.0137796306123,19,Level: 2 adaptive: 1,1400
0,0.00478221796409,3,1.15716076236,0.00905878782407,199,Level: 3 adaptive: 0,1400
0,0.00478221796409,3,1.15716076236,0.00905878782407,199,Level: 3 adaptive: 1,1400
0,0.0245473473189,4,2.62168976984,0.0636219793439,1519,Level: 4 adaptive: 0,1400
0,0.0245473473189,4,2.62168976984,0.0636219793439,1519,Level: 4 adaptive: 1,1400
0,0.0227897893618,1,2.61475368028,0.0555332078856,1,Level: 1 adaptive: 0,1500
0,0.0227897893618,1,2.61475368028,0.0555332078856,1,Level: 1 adaptive: 1,1500
0,0.00523708448523,2,1.25344538994,0.0110874043124,19,Level: 2 adaptive: 0,1500
0,0.00523708448523,2,1.25344538994,0.0110874043124,19,Level: 2 adaptive: 1,1500
0,0.00448641032381,3,1.16013925765,0.00773993505467,199,Level: 3 adaptive: 0,1500
0,0.00448641032381,3,1.16013925765,0.00773993505467,199,Level: 3 adaptive: 1,1500
0,0.0257284920641,4,2.77822742396,0.0593305452094,1519,Level: 4 adaptive: 0,1500
0,0.0257284920641,4,2.77822742396,0.0593305452094,1519,Level: 4 adaptive: 1,1500
0,0.0199268134614,1,0.631297290686,0.0407776195518,1,Level: 1 adaptive: 0,100
0,0.0199268134614,1,0.631297290686,0.0407776195518,1,Level: 1 adaptive: 1,100
0,0.00710505892285,2,0.376963099596,0.0116797880523,19,Level: 2 adaptive: 0,100
0,0.00710505892285,2,0.376963099596,0.0116797880523,19,Level: 2 adaptive: 1,100
0,0.0193927287038,3,0.622779715531,0.038450632627,199,Level: 3 adaptive: 0,100
0,0.0193927287038,3,0.622779715531,0.038450632627,199,Level: 3 adaptive: 1,100
0,0.01104846616,4,0.470073742301,0.0176222642141,1519,Level: 4 adaptive: 0,100
0,0.01104846616,4,0.470073742301,0.0176222642141,1519,Level: 4 adaptive: 1,100
0,0.0222910563757,1,0.94426810548,0.0372525742101,1,Level: 1 adaptive: 0,200
0,0.0222910563757,1,0.94426810548,0.0372525742101,1,Level: 1 adaptive: 1,200
0,0.00423775886881,2,0.411716352301,0.0067763277586,19,Level: 2 adaptive: 0,200
0,0.00423775886881,2,0.411716352301,0.0067763277586,19,Level: 2 adaptive: 1,200
0,0.17547157002,3,2.64931364712,0.30820881775,199,Level: 3 adaptive: 0,200
0,0.17547157002,3,2.64931364712,0.30820881775,199,Level: 3 adaptive: 1,200
0,0.0107220102393,4,0.654889616325,0.0195010391009,1519,Level: 4 adaptive: 0,200
0,0.0107220102393,4,0.654889616325,0.0195010391009,1519,Level: 4 adaptive: 1,200
0,0.023317385163,1,1.18281152758,0.0533605522105,1,Level: 1 adaptive: 0,300
0,0.023317385163,1,1.18281152758,0.0533605522105,1,Level: 1 adaptive: 1,300
0,0.00591813285392,2,0.595892583638,0.0116798679864,19,Level: 2 adaptive: 0,300
0,0.00591813285392,2,0.595892583638,0.0116798679864,19,Level: 2 adaptive: 1,300
0,0.0132730041257,3,0.892401393738,0.0313440139193,199,Level: 3 adaptive: 0,300
0,0.0132730041257,3,0.892401393738,0.0313440139193,199,Level: 3 adaptive: 1,300
0,0.0220076113734,4,1.14911125763,0.0460961506173,1519,Level: 4 adaptive: 0,300
0,0.0220076113734,4,1.14911125763,0.0460961506173,1519,Level: 4 adaptive: 1,300
0,0.0333560570147,1,1.63354968127,0.0835237089801,1,Level: 1 adaptive: 0,400
0,0.0333560570147,1,1.63354968127,0.0835237089801,1,Level: 1 adaptive: 1,400
0,0.00643034346248,2,0.717235998119,0.0138555316601,19,Level: 2 adaptive: 0,400
0,0.00643034346248,2,0.717235998119,0.0138555316601,19,Level: 2 adaptive: 1,400
0,0.00656312040077,3,0.724603085876,0.0129946768697,199,Level: 3 adaptive: 0,400
0,0.00656312040077,3,0.724603085876,0.0129946768697,199,Level: 3 adaptive: 1,400
0,0.0177261052924,4,1.19083517894,0.0321399278621,1519,Level: 4 adaptive: 0,400
0,0.0177261052924,4,1.19083517894,0.0321399278621,1519,Level: 4 adaptive: 1,400
0,0.0236340217991,1,1.53733606603,0.0686242524045,1,Level: 1 adaptive: 0,500
0,0.0236340217991,1,1.53733606603,0.0686242524045,1,Level: 1 adaptive: 1,500
0,0.00607254977669,2,0.779265665655,0.0153533613572,19,Level: 2 adaptive: 0,500
0,0.00607254977669,2,0.779265665655,0.0153533613572,19,Level: 2 adaptive: 1,500
0,0.00452516191708,3,0.672693237447,0.00748388586455,199,Level: 3 adaptive: 0,500
0,0.00452516191708,3,0.672693237447,0.00748388586455,199,Level: 3 adaptive: 1,500
0,0.0302875103804,4,1.74033072663,0.0542883271699,1519,Level: 4 adaptive: 0,500
0,0.0302875103804,4,1.74033072663,0.0542883271699,1519,Level: 4 adaptive: 1,500
0,0.0208938533223,1,1.58343373675,0.0579244633865,1,Level: 1 adaptive: 0,600
0,0.0208938533223,1,1.58343373675,0.0579244633865,1,Level: 1 adaptive: 1,600
0,0.00571519701701,2,0.828144698734,0.0124398365597,19,Level: 2 adaptive: 0,600
0,0.00571519701701,2,0.828144698734,0.0124398365597,19,Level: 2 adaptive: 1,600
0,0.00625901574961,3,0.866649808142,0.0119784069316,199,Level: 3 adaptive: 0,600
0,0.00625901574961,3,0.866649808142,0.0119784069316,199,Level: 3 adaptive: 1,600
0,0.0236980046511,4,1.68634532588,0.0422852241342,1519,Level: 4 adaptive: 0,600
0,0.0236980046511,4,1.68634532588,0.0422852241342,1519,Level: 4 adaptive: 1,600
0,0.0210611867997,1,1.7171389437,0.0443367032464,1,Level: 1 adaptive: 0,700
0,0.0210611867997,1,1.7171389437,0.0443367032464,1,Level: 1 adaptive: 1,700
0,0.00540261194071,2,0.869692860555,0.008900814203,19,Level: 2 adaptive: 0,700
0,0.00540261194071,2,0.869692860555,0.008900814203,19,Level: 2 adaptive: 1,700
0,0.00545875940775,3,0.87420038726,0.00834327821098,199,Level: 3 adaptive: 0,700
0,0.00545875940775,3,0.87420038726,0.00834327821098,199,Level: 3 adaptive: 1,700
0,0.038300869475,4,2.31562555835,0.0726999530333,1519,Level: 4 adaptive: 0,700
0,0.038300869475,4,2.31562555835,0.0726999530333,1519,Level: 4 adaptive: 1,700
0,0.0211568660181,1,1.83986373487,0.0583661719963,1,Level: 1 adaptive: 0,800
0,0.0211568660181,1,1.83986373487,0.0583661719963,1,Level: 1 adaptive: 1,800
0,0.00588468431232,2,0.97033473089,0.0120785691994,19,Level: 2 adaptive: 0,800
0,0.00588468431232,2,0.97033473089,0.0120785691994,19,Level: 2 adaptive: 1,800
0,0.00484325378114,3,0.880295748588,0.00819974398016,199,Level: 3 adaptive: 0,800
0,0.00484325378114,3,0.880295748588,0.00819974398016,199,Level: 3 adaptive: 1,800
0,0.0602648202446,4,3.10521677812,0.166308573499,1519,Level: 4 adaptive: 0,800
0,0.0602648202446,4,3.10521677812,0.166308573499,1519,Level: 4 adaptive: 1,800
0,0.0156271689263,1,1.67716737589,0.0330442736496,1,Level: 1 adaptive: 0,900
0,0.0156271689263,1,1.67716737589,0.0330442736496,1,Level: 1 adaptive: 1,900
0,0.00512543652078,2,0.960509538599,0.00855213261924,19,Level: 2 adaptive: 0,900
0,0.00512543652078,2,0.960509538599,0.00855213261924,19,Level: 2 adaptive: 1,900
0,0.0050894565757,3,0.957132270706,0.00929467544067,199,Level: 3 adaptive: 0,900
0,0.0050894565757,3,0.957132270706,0.00929467544067,199,Level: 3 adaptive: 1,900
0,0.106852562155,4,4.38559701613,0.364032886211,1519,Level: 4 adaptive: 0,900
0,0.106852562155,4,4.38559701613,0.364032886211,1519,Level: 4 adaptive: 1,900
0,0.0204226361128,1,2.02102133154,0.0483360819904,1,Level: 1 adaptive: 0,1000
0,0.0204226361128,1,2.02102133154,0.0483360819904,1,Level: 1 adaptive: 1,1000
0,0.00470691366659,2,0.970248799699,0.0106136044015,19,Level: 2 adaptive: 0,1000
0,0.00470691366659,2,0.970248799699,0.0106136044015,19,Level: 2 adaptive: 1,1000
0,0.00410606652312,3,0.906208201587,0.00739994961477,199,Level: 3 adaptive: 0,1000
0,0.00410606652312,3,0.906208201587,0.00739994961477,199,Level: 3 adaptive: 1,1000
0,0.0958500071984,4,4.37835602021,0.336402474206,1519,Level: 4 adaptive: 0,1000
0,0.0958500071984,4,4.37835602021,0.336402474206,1519,Level: 4 adaptive: 1,1000
0,0.0255337966577,1,2.37011292235,0.0628110292485,1,Level: 1 adaptive: 0,1100
0,0.0255337966577,1,2.37011292235,0.0628110292485,1,Level: 1 adaptive: 1,1100
0,0.00690024590653,2,1.23209338097,0.0159812653326,19,Level: 2 adaptive: 0,1100
0,0.00690024590653,2,1.23209338097,0.0159812653326,19,Level: 2 adaptive: 1,1100
0,0.00464712100642,3,1.01112146719,0.0111464085682,199,Level: 3 adaptive: 0,1100
0,0.00464712100642,3,1.01112146719,0.0111464085682,199,Level: 3 adaptive: 1,1100
0,0.108707370041,4,4.89036004901,0.249471700947,1519,Level: 4 adaptive: 0,1100
0,0.108707370041,4,4.89036004901,0.249471700947,1519,Level: 4 adaptive: 1,1100
0,0.0225450282425,1,2.32611409398,0.0549141849691,1,Level: 1 adaptive: 0,1200
0,0.0225450282425,1,2.32611409398,0.0549141849691,1,Level: 1 adaptive: 1,1200
0,0.00510260219547,2,1.10662754661,0.0111195304011,19,Level: 2 adaptive: 0,1200
0,0.00510260219547,2,1.10662754661,0.0111195304011,19,Level: 2 adaptive: 1,1200
0,0.00462293638524,3,1.05333030549,0.00758753343068,199,Level: 3 adaptive: 0,1200
0,0.00462293638524,3,1.05333030549,0.00758753343068,199,Level: 3 adaptive: 1,1200
0,0.0562457851709,4,3.67409695585,0.13810636394,1519,Level: 4 adaptive: 0,1200
0,0.0562457851709,4,3.67409695585,0.13810636394,1519,Level: 4 adaptive: 1,1200
0,0.0202372427774,1,2.29383589695,0.0497903544163,1,Level: 1 adaptive: 0,1300
0,0.0202372427774,1,2.29383589695,0.0497903544163,1,Level: 1 adaptive: 1,1300
0,0.00602394263313,2,1.25148914682,0.0123548283328,19,Level: 2 adaptive: 0,1300
0,0.00602394263313,2,1.25148914682,0.0123548283328,19,Level: 2 adaptive: 1,1300
0,0.00413968467286,3,1.03745747621,0.00750032823386,199,Level: 3 adaptive: 0,1300
0,0.00413968467286,3,1.03745747621,0.00750032823386,199,Level: 3 adaptive: 1,1300
0,0.0738150971501,4,4.38085896361,0.688243419449,1519,Level: 4 adaptive: 0,1300
0,0.0738150971501,4,4.38085896361,0.688243419449,1519,Level: 4 adaptive: 1,1300
0,0.0192200926166,1,2.31983316914,0.0467648718653,1,Level: 1 adaptive: 0,1400
0,0.0192200926166,1,2.31983316914,0.0467648718653,1,Level: 1 adaptive: 1,1400
0,0.00533478730963,2,1.22218674788,0.0109152089372,19,Level: 2 adaptive: 0,1400
0,0.00533478730963,2,1.22218674788,0.0109152089372,19,Level: 2 adaptive: 1,1400
0,0.00470684588789,3,1.14800559607,0.00795605697681,199,Level: 3 adaptive: 0,1400
0,0.00470684588789,3,1.14800559607,0.00795605697681,199,Level: 3 adaptive: 1,1400
0,0.0369992484985,4,3.2186627005,0.154355994049,1519,Level: 4 adaptive: 0,1400
0,0.0369992484985,4,3.2186627005,0.154355994049,1519,Level: 4 adaptive: 1,1400
0,0.0210458122488,1,2.5127163936,0.0475642206563,1,Level: 1 adaptive: 0,1500
0,0.0210458122488,1,2.5127163936,0.0475642206563,1,Level: 1 adaptive: 1,1500
0,0.00506692334368,2,1.23291402908,0.0094429579054,19,Level: 2 adaptive: 0,1500
0,0.00506692334368,2,1.23291402908,0.0094429579054,19,Level: 2 adaptive: 1,1500
0,0.00369132454956,3,1.05232949444,0.00648590884085,199,Level: 3 adaptive: 0,1500
0,0.00369132454956,3,1.05232949444,0.00648590884085,199,Level: 3 adaptive: 1,1500
0,0.0251057153864,4,2.74439694941,0.07857206105,1519,Level: 4 adaptive: 0,1500
0,0.0251057153864,4,2.74439694941,0.07857206105,1519,Level: 4 adaptive: 1,1500
0,0.0414167859657,1,0.910129506892,0.103352716354,1,Level: 1 adaptive: 0,100
0,0.0414167859657,1,0.910129506892,0.103352716354,1,Level: 1 adaptive: 1,100
0,0.0108385272343,2,0.465586237648,0.0258182451901,19,Level: 2 adaptive: 0,100
0,0.0108385272343,2,0.465586237648,0.0258182451901,19,Level: 2 adaptive: 1,100
0,0.0296496940255,3,0.770060958958,0.048254251627,199,Level: 3 adaptive: 0,100
0,0.0296496940255,3,0.770060958958,0.048254251627,199,Level: 3 adaptive: 1,100
0,0.0117965785274,4,0.485727877055,0.0165631594377,1519,Level: 4 adaptive: 0,100
0,0.0117965785274,4,0.485727877055,0.0165631594377,1519,Level: 4 adaptive: 1,100
0,0.0192036166465,1,0.876438626408,0.0312285550884,1,Level: 1 adaptive: 0,200
0,0.0192036166465,1,0.876438626408,0.0312285550884,1,Level: 1 adaptive: 1,200
0,0.00499794857067,2,0.447121843379,0.0102591618628,19,Level: 2 adaptive: 0,200
0,0.00499794857067,2,0.447121843379,0.0102591618628,19,Level: 2 adaptive: 1,200
0,0.0850790290325,3,1.84476588252,0.146027273331,199,Level: 3 adaptive: 0,200
0,0.0850790290325,3,1.84476588252,0.146027273331,199,Level: 3 adaptive: 1,200
0,0.0137699556091,4,0.742157816347,0.0239770692406,1519,Level: 4 adaptive: 0,200
0,0.0137699556091,4,0.742157816347,0.0239770692406,1519,Level: 4 adaptive: 1,200
0,0.0173644868318,1,1.02071994686,0.0294652986872,1,Level: 1 adaptive: 0,300
0,0.0173644868318,1,1.02071994686,0.0294652986872,1,Level: 1 adaptive: 1,300
0,0.00514610950124,2,0.55566767953,0.0095116168854,19,Level: 2 adaptive: 0,300
0,0.00514610950124,2,0.55566767953,0.0095116168854,19,Level: 2 adaptive: 1,300
0,0.00967700770041,3,0.761984554978,0.0162605199629,199,Level: 3 adaptive: 0,300
0,0.00967700770041,3,0.761984554978,0.0162605199629,199,Level: 3 adaptive: 1,300
0,0.016169792344,4,0.984980984914,0.0330064253406,1519,Level: 4 adaptive: 0,300
0,0.016169792344,4,0.984980984914,0.0330064253406,1519,Level: 4 adaptive: 1,300
0,0.0192259819335,1,1.24019295058,0.032747779469,1,Level: 1 adaptive: 0,400
0,0.0192259819335,1,1.24019295058,0.032747779469,1,Level: 1 adaptive: 1,400
0,0.00350705516957,2,0.529683314411,0.00592397966802,19,Level: 2 adaptive: 0,400
0,0.00350705516957,2,0.529683314411,0.00592397966802,19,Level: 2 adaptive: 1,400
0,0.00537541868131,3,0.655769391253,0.00859982738416,199,Level: 3 adaptive: 0,400
0,0.00537541868131,3,0.655769391253,0.00859982738416,199,Level: 3 adaptive: 1,400
0,0.0251703627275,4,1.41902396675,0.0519998476524,1519,Level: 4 adaptive: 0,400
0,0.0251703627275,4,1.41902396675,0.0519998476524,1519,Level: 4 adaptive: 1,400
0,0.0174191009467,1,1.31981441675,0.0346515759215,1,Level: 1 adaptive: 0,500
0,0.0174191009467,1,1.31981441675,0.0346515759215,1,Level: 1 adaptive: 1,500
0,0.00447210843695,2,0.668738247519,0.00815409641563,19,Level: 2 adaptive: 0,500
0,0.00447210843695,2,0.668738247519,0.00815409641563,19,Level: 2 adaptive: 1,500
0,0.0053952724317,3,0.734525182121,0.00844815077306,199,Level: 3 adaptive: 0,500
0,0.0053952724317,3,0.734525182121,0.00844815077306,199,Level: 3 adaptive: 1,500
0,0.0197775671475,4,1.40632738534,0.0352652736029,1519,Level: 4 adaptive: 0,500
0,0.0197775671475,4,1.40632738534,0.0352652736029,1519,Level: 4 adaptive: 1,500
0,0.0149120090569,1,1.33769992406,0.0229713519064,1,Level: 1 adaptive: 0,600
0,0.0149120090569,1,1.33769992406,0.0229713519064,1,Level: 1 adaptive: 1,600
0,0.00573308008887,2,0.829439335132,0.010280413094,19,Level: 2 adaptive: 0,600
0,0.00573308008887,2,0.829439335132,0.010280413094,19,Level: 2 adaptive: 1,600
0,0.00591862430429,3,0.842754363095,0.0116285066368,199,Level: 3 adaptive: 0,600
0,0.00591862430429,3,0.842754363095,0.0116285066368,199,Level: 3 adaptive: 1,600
0,0.0265192564083,4,1.78390323981,0.0452133058274,1519,Level: 4 adaptive: 0,600
0,0.0265192564083,4,1.78390323981,0.0452133058274,1519,Level: 4 adaptive: 1,600
0,0.0244029954455,1,1.84835585383,0.0521628550718,1,Level: 1 adaptive: 0,700
0,0.0244029954455,1,1.84835585383,0.0521628550718,1,Level: 1 adaptive: 1,700
0,0.00590783095901,2,0.909448368112,0.0105547091022,19,Level: 2 adaptive: 0,700
0,0.00590783095901,2,0.909448368112,0.0105547091022,19,Level: 2 adaptive: 1,700
0,0.00551587143323,3,0.878761629028,0.0105277888155,199,Level: 3 adaptive: 0,700
0,0.00551587143323,3,0.878761629028,0.0105277888155,199,Level: 3 adaptive: 1,700
0,0.0521832692291,4,2.70289801733,0.119814890765,1519,Level: 4 adaptive: 0,700
0,0.0521832692291,4,2.70289801733,0.119814890765,1519,Level: 4 adaptive: 1,700
0,0.0157296619217,1,1.58642551274,0.0261706992856,1,Level: 1 adaptive: 0,800
0,0.0157296619217,1,1.58642551274,0.0261706992856,1,Level: 1 adaptive: 1,800
0,0.00504093456839,2,0.898081026936,0.00963254132096,19,Level: 2 adaptive: 0,800
0,0.00504093456839,2,0.898081026936,0.00963254132096,19,Level: 2 adaptive: 1,800
0,0.00481837174072,3,0.878031593119,0.0090982532024,199,Level: 3 adaptive: 0,800
0,0.00481837174072,3,0.878031593119,0.0090982532024,199,Level: 3 adaptive: 1,800
0,0.0399289085048,4,2.52757301789,0.0844345770481,1519,Level: 4 adaptive: 0,800
0,0.0399289085048,4,2.52757301789,0.0844345770481,1519,Level: 4 adaptive: 1,800
0,0.0205533144988,1,1.92343354701,0.0417485240145,1,Level: 1 adaptive: 0,900
0,0.0205533144988,1,1.92343354701,0.0417485240145,1,Level: 1 adaptive: 1,900
0,0.00595612746622,2,1.03542404063,0.0119798612159,19,Level: 2 adaptive: 0,900
0,0.00595612746622,2,1.03542404063,0.0119798612159,19,Level: 2 adaptive: 1,900
0,0.00574523775104,3,1.01692811702,0.012373356236,199,Level: 3 adaptive: 0,900
0,0.00574523775104,3,1.01692811702,0.012373356236,199,Level: 3 adaptive: 1,900
0,0.0831162894637,4,3.86793641409,0.17617780878,1519,Level: 4 adaptive: 0,900
0,0.0831162894637,4,3.86793641409,0.17617780878,1519,Level: 4 adaptive: 1,900
0,0.0162762858255,1,1.80423312382,0.0282222219772,1,Level: 1 adaptive: 0,1000
0,0.0162762858255,1,1.80423312382,0.0282222219772,1,Level: 1 adaptive: 1,1000
0,0.00604546084221,2,1.09958727186,0.0135818519289,19,Level: 2 adaptive: 0,1000
0,0.00604546084221,2,1.09958727186,0.0135818519289,19,Level: 2 adaptive: 1,1000
0,0.00485062462301,3,0.984949198996,0.0110748437551,199,Level: 3 adaptive: 0,1000
0,0.00485062462301,3,0.984949198996,0.0110748437551,199,Level: 3 adaptive: 1,1000
0,0.0892101147353,4,4.2239818829,0.298726592823,1519,Level: 4 adaptive: 0,1000
0,0.0892101147353,4,4.2239818829,0.298726592823,1519,Level: 4 adaptive: 1,1000
0,0.0219700016533,1,2.19849957101,0.0468333223558,1,Level: 1 adaptive: 0,1100
0,0.0219700016533,1,2.19849957101,0.0468333223558,1,Level: 1 adaptive: 1,1100
0,0.00551710078483,2,1.10170875129,0.0101669545717,19,Level: 2 adaptive: 0,1100
0,0.00551710078483,2,1.10170875129,0.0101669545717,19,Level: 2 adaptive: 1,1100
0,0.00427269327364,3,0.969532114063,0.00824019851698,199,Level: 3 adaptive: 0,1100
0,0.00427269327364,3,0.969532114063,0.00824019851698,199,Level: 3 adaptive: 1,1100
0,0.0662138835758,4,3.81668106955,0.145262392481,1519,Level: 4 adaptive: 0,1100
0,0.0662138835758,4,3.81668106955,0.145262392481,1519,Level: 4 adaptive: 1,1100
0,0.0271816467449,1,2.55413296811,0.0630563706459,1,Level: 1 adaptive: 0,1200
0,0.0271816467449,1,2.55413296811,0.0630563706459,1,Level: 1 adaptive: 1,1200
0,0.00579114822199,2,1.17892984239,0.0133665171153,19,Level: 2 adaptive: 0,1200
0,0.00579114822199,2,1.17892984239,0.0133665171153,19,Level: 2 adaptive: 1,1200
0,0.00463907955238,3,1.05516780304,0.00816497242272,199,Level: 3 adaptive: 0,1200
0,0.00463907955238,3,1.05516780304,0.00816497242272,199,Level: 3 adaptive: 1,1200
0,0.0512938892797,4,3.50863697568,0.11706205413,1519,Level: 4 adaptive: 0,1200
0,0.0512938892797,4,3.50863697568,0.11706205413,1519,Level: 4 adaptive: 1,1200
0,0.023070970313,1,2.44917379567,0.0524034600382,1,Level: 1 adaptive: 0,1300
0,0.023070970313,1,2.44917379567,0.0524034600382,1,Level: 1 adaptive: 1,1300
0,0.00502079913111,2,1.14254442981,0.0114837769491,19,Level: 2 adaptive: 0,1300
0,0.00502079913111,2,1.14254442981,0.0114837769491,19,Level: 2 adaptive: 1,1300
0,0.00428721977525,3,1.05578271513,0.00754771625488,199,Level: 3 adaptive: 0,1300
0,0.00428721977525,3,1.05578271513,0.00754771625488,199,Level: 3 adaptive: 1,1300
0,0.0315011063004,4,2.86186785825,0.0699659657825,1519,Level: 4 adaptive: 0,1300
0,0.0315011063004,4,2.86186785825,0.0699659657825,1519,Level: 4 adaptive: 1,1300
0,0.0197544024159,1,2.35185728233,0.0456001306999,1,Level: 1 adaptive: 0,1400
0,0.0197544024159,1,2.35185728233,0.0456001306999,1,Level: 1 adaptive: 1,1400
0,0.0053961283811,2,1.22919320967,0.0101940809061,19,Level: 2 adaptive: 0,1400
0,0.0053961283811,2,1.22919320967,0.0101940809061,19,Level: 2 adaptive: 1,1400
0,0.00511871579549,3,1.19718019644,0.00888713058928,199,Level: 3 adaptive: 0,1400
0,0.00511871579549,3,1.19718019644,0.00888713058928,199,Level: 3 adaptive: 1,1400
0,0.032268111002,4,3.00583949681,0.108787185995,1519,Level: 4 adaptive: 0,1400
0,0.032268111002,4,3.00583949681,0.108787185995,1519,Level: 4 adaptive: 1,1400
0,0.0256821216352,1,2.77572269699,0.0689733990517,1,Level: 1 adaptive: 0,1500
0,0.0256821216352,1,2.77572269699,0.0689733990517,1,Level: 1 adaptive: 1,1500
0,0.00662261828519,2,1.40953378305,0.0147897745202,19,Level: 2 adaptive: 0,1500
0,0.00662261828519,2,1.40953378305,0.0147897745202,19,Level: 2 adaptive: 1,1500
0,0.00458971047301,3,1.17341942284,0.00792227846066,199,Level: 3 adaptive: 0,1500
0,0.00458971047301,3,1.17341942284,0.00792227846066,199,Level: 3 adaptive: 1,1500
0,0.0290515515418,4,2.95219671813,0.0974799945458,1519,Level: 4 adaptive: 0,1500
0,0.0290515515418,4,2.95219671813,0.0974799945458,1519,Level: 4 adaptive: 1,1500
0,0.0238517217624,1,0.690676795069,0.0406057206747,1,Level: 1 adaptive: 0,100
0,0.0238517217624,1,0.690676795069,0.0406057206747,1,Level: 1 adaptive: 1,100
0,0.00778263378539,2,0.394528421926,0.0115255553199,19,Level: 2 adaptive: 0,100
0,0.00778263378539,2,0.394528421926,0.0115255553199,19,Level: 2 adaptive: 1,100
0,0.0275938206059,3,0.742883848336,0.0373601325479,199,Level: 3 adaptive: 0,100
0,0.0275938206059,3,0.742883848336,0.0373601325479,199,Level: 3 adaptive: 1,100
0,0.0243081466683,4,0.697253851454,0.0354819153634,1519,Level: 4 adaptive: 0,100
0,0.0243081466683,4,0.697253851454,0.0354819153634,1519,Level: 4 adaptive: 1,100
0,0.0189072572599,1,0.869649521588,0.0362045741016,1,Level: 1 adaptive: 0,200
0,0.0189072572599,1,0.869649521588,0.0362045741016,1,Level: 1 adaptive: 1,200
0,0.00394908366875,2,0.397446029984,0.00652992512842,19,Level: 2 adaptive: 0,200
0,0.00394908366875,2,0.397446029984,0.00652992512842,19,Level: 2 adaptive: 1,200
0,0.235492021554,3,3.06914985984,0.818197640397,199,Level: 3 adaptive: 0,200
0,0.235492021554,3,3.06914985984,0.818197640397,199,Level: 3 adaptive: 1,200
0,0.0236146515312,4,0.971898174321,0.0536353296382,1519,Level: 4 adaptive: 0,200
0,0.0236146515312,4,0.971898174321,0.0536353296382,1519,Level: 4 adaptive: 1,200
0,0.0246760482386,1,1.2167838322,0.0618240877954,1,Level: 1 adaptive: 0,300
0,0.0246760482386,1,1.2167838322,0.0618240877954,1,Level: 1 adaptive: 1,300
0,0.00873488336613,2,0.723942678648,0.0170051982875,19,Level: 2 adaptive: 0,300
0,0.00873488336613,2,0.723942678648,0.0170051982875,19,Level: 2 adaptive: 1,300
0,0.0194241945383,3,1.07956087012,0.0314986574491,199,Level: 3 adaptive: 0,300
0,0.0194241945383,3,1.07956087012,0.0314986574491,199,Level: 3 adaptive: 1,300
0,0.0151089626355,4,0.952122764213,0.0269147927975,1519,Level: 4 adaptive: 0,300
0,0.0151089626355,4,0.952122764213,0.0269147927975,1519,Level: 4 adaptive: 1,300
0,0.0185006684741,1,1.21657448515,0.0369755013128,1,Level: 1 adaptive: 0,400
0,0.0185006684741,1,1.21657448515,0.0369755013128,1,Level: 1 adaptive: 1,400
0,0.00598030637606,2,0.69168237659,0.00951707699381,19,Level: 2 adaptive: 0,400
0,0.00598030637606,2,0.69168237659,0.00951707699381,19,Level: 2 adaptive: 1,400
0,0.0108385601315,3,0.931173888443,0.0187364484973,199,Level: 3 adaptive: 0,400
0,0.0108385601315,3,0.931173888443,0.0187364484973,199,Level: 3 adaptive: 1,400
0,0.013780460801,4,1.04996993485,0.0232463099974,1519,Level: 4 adaptive: 0,400
0,0.013780460801,4,1.04996993485,0.0232463099974,1519,Level: 4 adaptive: 1,400
0,0.0224156520431,1,1.49718576146,0.0556657352029,1,Level: 1 adaptive: 0,500
0,0.0224156520431,1,1.49718576146,0.0556657352029,1,Level: 1 adaptive: 1,500
0,0.00613082931363,2,0.782996124744,0.0118977630282,19,Level: 2 adaptive: 0,500
0,0.00613082931363,2,0.782996124744,0.0118977630282,19,Level: 2 adaptive: 1,500
0,0.00581647327763,3,0.762658067395,0.0104739113937,199,Level: 3 adaptive: 0,500
0,0.00581647327763,3,0.762658067395,0.0104739113937,199,Level: 3 adaptive: 1,500
0,0.0241825068416,4,1.55507256556,0.0378206136488,1519,Level: 4 adaptive: 0,500
0,0.0241825068416,4,1.55507256556,0.0378206136488,1519,Level: 4 adaptive: 1,500
0,0.0184237031663,1,1.48689084332,0.0485137210349,1,Level: 1 adaptive: 0,600
0,0.0184237031663,1,1.48689084332,0.0485137210349,1,Level: 1 adaptive: 1,600
0,0.0064190139701,2,0.877656924095,0.0166115061246,19,Level: 2 adaptive: 0,600
0,0.0064190139701,2,0.877656924095,0.0166115061246,19,Level: 2 adaptive: 1,600
0,0.0058809535693,3,0.840068109332,0.0111478198495,199,Level: 3 adaptive: 0,600
0,0.0058809535693,3,0.840068109332,0.0111478198495,199,Level: 3 adaptive: 1,600
0,0.0258519652727,4,1.76131650555,0.0471404895922,1519,Level: 4 adaptive: 0,600
0,0.0258519652727,4,1.76131650555,0.0471404895922,1519,Level: 4 adaptive: 1,600
0,0.0219575959473,1,1.7533007251,0.0589230618717,1,Level: 1 adaptive: 0,700
0,0.0219575959473,1,1.7533007251,0.0589230618717,1,Level: 1 adaptive: 1,700
0,0.00534545960176,2,0.865080542058,0.0146927943768,19,Level: 2 adaptive: 0,700
0,0.00534545960176,2,0.865080542058,0.0146927943768,19,Level: 2 adaptive: 1,700
0,0.00487612583838,3,0.82623097096,0.00848176957148,199,Level: 3 adaptive: 0,700
0,0.00487612583838,3,0.82623097096,0.00848176957148,199,Level: 3 adaptive: 1,700
0,0.0685343874161,4,3.09754971522,0.157524748418,1519,Level: 4 adaptive: 0,700
0,0.0685343874161,4,3.09754971522,0.157524748418,1519,Level: 4 adaptive: 1,700
0,0.0311999459944,1,2.23427647329,0.0712567460715,1,Level: 1 adaptive: 0,800
0,0.0311999459944,1,2.23427647329,0.0712567460715,1,Level: 1 adaptive: 1,800
0,0.00579182484179,2,0.962648416965,0.0132497362691,19,Level: 2 adaptive: 0,800
0,0.00579182484179,2,0.962648416965,0.0132497362691,19,Level: 2 adaptive: 1,800
0,0.00418437673618,3,0.818229966323,0.00746777711585,199,Level: 3 adaptive: 0,800
0,0.00418437673618,3,0.818229966323,0.00746777711585,199,Level: 3 adaptive: 1,800
0,0.0665876641172,4,3.26405059072,0.135162998598,1519,Level: 4 adaptive: 0,800
0,0.0665876641172,4,3.26405059072,0.135162998598,1519,Level: 4 adaptive: 1,800
0,0.0241311814374,1,2.08413355108,0.0516445339,1,Level: 1 adaptive: 0,900
0,0.0241311814374,1,2.08413355108,0.0516445339,1,Level: 1 adaptive: 1,900
0,0.00561757370585,2,1.00556614255,0.0108302365707,19,Level: 2 adaptive: 0,900
0,0.00561757370585,2,1.00556614255,0.0108302365707,19,Level: 2 adaptive: 1,900
0,0.00534674559721,3,0.981027118636,0.00959206944131,199,Level: 3 adaptive: 0,900
0,0.00534674559721,3,0.981027118636,0.00959206944131,199,Level: 3 adaptive: 1,900
0,0.0915861235669,4,4.0602342595,0.170256685161,1519,Level: 4 adaptive: 0,900
0,0.0915861235669,4,4.0602342595,0.170256685161,1519,Level: 4 adaptive: 1,900
0,0.0256570606203,1,2.26526204313,0.0611048146387,1,Level: 1 adaptive: 0,1000
0,0.0256570606203,1,2.26526204313,0.0611048146387,1,Level: 1 adaptive: 1,1000
0,0.00572766987916,2,1.07029620939,0.0124438736808,19,Level: 2 adaptive: 0,1000
0,0.00572766987916,2,1.07029620939,0.0124438736808,19,Level: 2 adaptive: 1,1000
0,0.00441000525587,3,0.939149110191,0.00806497134292,199,Level: 3 adaptive: 0,1000
0,0.00441000525587,3,0.939149110191,0.00806497134292,199,Level: 3 adaptive: 1,1000
0,0.118030805408,4,4.85861719851,0.274834016661,1519,Level: 4 adaptive: 0,1000
0,0.118030805408,4,4.85861719851,0.274834016661,1519,Level: 4 adaptive: 1,1000
0,0.0207329846758,1,2.13570986528,0.045797508071,1,Level: 1 adaptive: 0,1100
0,0.0207329846758,1,2.13570986528,0.045797508071,1,Level: 1 adaptive: 1,1100
0,0.00473059611284,2,1.02016231298,0.009654758847,19,Level: 2 adaptive: 0,1100
0,0.00473059611284,2,1.02016231298,0.009654758847,19,Level: 2 adaptive: 1,1100
0,0.00467423698791,3,1.01406712664,0.00822581090611,199,Level: 3 adaptive: 0,1100
0,0.00467423698791,3,1.01406712664,0.00822581090611,199,Level: 3 adaptive: 1,1100
0,0.0635891178607,4,3.74026816276,0.211013772095,1519,Level: 4 adaptive: 0,1100
0,0.0635891178607,4,3.74026816276,0.211013772095,1519,Level: 4 adaptive: 1,1100
0,0.020408240652,1,2.21313753673,0.0527490729991,1,Level: 1 adaptive: 0,1200
0,0.020408240652,1,2.21313753673,0.0527490729991,1,Level: 1 adaptive: 1,1200
0,0.00598243702526,2,1.1982424154,0.0148962727839,19,Level: 2 adaptive: 0,1200
0,0.00598243702526,2,1.1982424154,0.0148962727839,19,Level: 2 adaptive: 1,1200
0,0.00491517813481,3,1.08611360011,0.0102006731464,199,Level: 3 adaptive: 0,1200
0,0.00491517813481,3,1.08611360011,0.0102006731464,199,Level: 3 adaptive: 1,1200
0,0.0534675770858,4,3.58220860651,0.120809502005,1519,Level: 4 adaptive: 0,1200
0,0.0534675770858,4,3.58220860651,0.120809502005,1519,Level: 4 adaptive: 1,1200
0,0.0203212139956,1,2.29858992403,0.0470938003105,1,Level: 1 adaptive: 0,1300
0,0.0203212139956,1,2.29858992403,0.0470938003105,1,Level: 1 adaptive: 1,1300
0,0.00551987122947,2,1.19798435702,0.0112833359327,19,Level: 2 adaptive: 0,1300
0,0.00551987122947,2,1.19798435702,0.0112833359327,19,Level: 2 adaptive: 1,1300
0,0.00472908732968,3,1.10885648563,0.0100328611338,199,Level: 3 adaptive: 0,1300
0,0.00472908732968,3,1.10885648563,0.0100328611338,199,Level: 3 adaptive: 1,1300
0,0.0364009144136,4,3.07640012799,0.120969306163,1519,Level: 4 adaptive: 0,1300
0,0.0364009144136,4,3.07640012799,0.120969306163,1519,Level: 4 adaptive: 1,1300
0,0.0275732886071,1,2.77858251812,0.0728739100715,1,Level: 1 adaptive: 0,1400
0,0.0275732886071,1,2.77858251812,0.0728739100715,1,Level: 1 adaptive: 1,1400
0,0.00692750726648,2,1.39273186027,0.0165891179847,19,Level: 2 adaptive: 0,1400
0,0.00692750726648,2,1.39273186027,0.0165891179847,19,Level: 2 adaptive: 1,1400
0,0.00480320604638,3,1.15969724195,0.00827426632057,199,Level: 3 adaptive: 0,1400
0,0.00480320604638,3,1.15969724195,0.00827426632057,199,Level: 3 adaptive: 1,1400
0,0.0314218629591,4,2.9661627785,0.0725895965087,1519,Level: 4 adaptive: 0,1400
0,0.0314218629591,4,2.9661627785,0.0725895965087,1519,Level: 4 adaptive: 1,1400
0,0.0227826326025,1,2.6143430878,0.0606263712038,1,Level: 1 adaptive: 0,1500
0,0.0227826326025,1,2.6143430878,0.0606263712038,1,Level: 1 adaptive: 1,1500
0,0.00617044810051,2,1.36056401178,0.0138240034145,19,Level: 2 adaptive: 0,1500
0,0.00617044810051,2,1.36056401178,0.0138240034145,19,Level: 2 adaptive: 1,1500
0,0.00450478728894,3,1.16251287592,0.00754773525251,199,Level: 3 adaptive: 0,1500
0,0.00450478728894,3,1.16251287592,0.00754773525251,199,Level: 3 adaptive: 1,1500
0,0.0276676272595,4,2.88102207174,0.132908449937,1519,Level: 4 adaptive: 0,1500
0,0.0276676272595,4,2.88102207174,0.132908449937,1519,Level: 4 adaptive: 1,1500
0,0.0298829042286,1,0.773083491334,0.0699016112612,1,Level: 1 adaptive: 0,100
0,0.0298829042286,1,0.773083491334,0.0699016112612,1,Level: 1 adaptive: 1,100
0,0.00991171117626,2,0.445235020551,0.0139586353288,19,Level: 2 adaptive: 0,100
0,0.00991171117626,2,0.445235020551,0.0139586353288,19,Level: 2 adaptive: 1,100
0,0.0112828387481,3,0.475033446151,0.017612730373,199,Level: 3 adaptive: 0,100
0,0.0112828387481,3,0.475033446151,0.017612730373,199,Level: 3 adaptive: 1,100
0,0.0114742424907,4,0.479045770062,0.0224894099956,1519,Level: 4 adaptive: 0,100
0,0.0114742424907,4,0.479045770062,0.0224894099956,1519,Level: 4 adaptive: 1,100
0,0.0255749309594,1,1.01143325948,0.0543249761429,1,Level: 1 adaptive: 0,200
0,0.0255749309594,1,1.01143325948,0.0543249761429,1,Level: 1 adaptive: 1,200
0,0.00652911070661,2,0.511042491643,0.0125200955535,19,Level: 2 adaptive: 0,200
0,0.00652911070661,2,0.511042491643,0.0125200955535,19,Level: 2 adaptive: 1,200
0,0.0339918362726,3,1.16605036379,0.0514306521901,199,Level: 3 adaptive: 0,200
0,0.0339918362726,3,1.16605036379,0.0514306521901,199,Level: 3 adaptive: 1,200
0,0.00938677702248,4,0.612756950919,0.0139595960177,1519,Level: 4 adaptive: 0,200
0,0.00938677702248,4,0.612756950919,0.0139595960177,1519,Level: 4 adaptive: 1,200
0,0.0275079909164,1,1.28470987191,0.0733316915038,1,Level: 1 adaptive: 0,300
0,0.0275079909164,1,1.28470987191,0.0733316915038,1,Level: 1 adaptive: 1,300
0,0.00664053422962,2,0.631214744582,0.0129160424654,19,Level: 2 adaptive: 0,300
0,0.00664053422962,2,0.631214744582,0.0129160424654,19,Level: 2 adaptive: 1,300
0,0.00987741385202,3,0.769834288092,0.0183694163698,199,Level: 3 adaptive: 0,300
0,0.00987741385202,3,0.769834288092,0.0183694163698,199,Level: 3 adaptive: 1,300
0,0.0141958133424,4,0.922902378665,0.029078930181,1519,Level: 4 adaptive: 0,300
0,0.0141958133424,4,0.922902378665,0.029078930181,1519,Level: 4 adaptive: 1,300
0,0.0252065883315,1,1.42004474103,0.0661965734046,1,Level: 1 adaptive: 0,400
0,0.0252065883315,1,1.42004474103,0.0661965734046,1,Level: 1 adaptive: 1,400
0,0.00572459915537,2,0.676733280126,0.0148962734608,19,Level: 2 adaptive: 0,400
0,0.00572459915537,2,0.676733280126,0.0148962734608,19,Level: 2 adaptive: 1,400
0,0.00762806412549,3,0.781181880255,0.0123713348911,199,Level: 3 adaptive: 0,400
0,0.00762806412549,3,0.781181880255,0.0123713348911,199,Level: 3 adaptive: 1,400
0,0.0199086399107,4,1.26201869751,0.0331353504991,1519,Level: 4 adaptive: 0,400
0,0.0199086399107,4,1.26201869751,0.0331353504991,1519,Level: 4 adaptive: 1,400
0,0.0207033807544,1,1.43886694153,0.0592579336917,1,Level: 1 adaptive: 0,500
0,0.0207033807544,1,1.43886694153,0.0592579336917,1,Level: 1 adaptive: 1,500
0,0.00499014271987,2,0.706409422351,0.0113596932567,19,Level: 2 adaptive: 0,500
0,0.00499014271987,2,0.706409422351,0.0113596932567,19,Level: 2 adaptive: 1,500
0,0.00492539629774,3,0.701811676858,0.00901814307612,199,Level: 3 adaptive: 0,500
0,0.00492539629774,3,0.701811676858,0.00901814307612,199,Level: 3 adaptive: 1,500
0,0.0312795995006,4,1.76860395512,0.0722481577163,1519,Level: 4 adaptive: 0,500
0,0.0312795995006,4,1.76860395512,0.0722481577163,1519,Level: 4 adaptive: 1,500
0,0.0242269107999,1,1.70505990979,0.0553836035852,1,Level: 1 adaptive: 0,600
0,0.0242269107999,1,1.70505990979,0.0553836035852,1,Level: 1 adaptive: 1,600
0,0.00500366175384,2,0.774880255563,0.0100668011762,19,Level: 2 adaptive: 0,600
0,0.00500366175384,2,0.774880255563,0.0100668011762,19,Level: 2 adaptive: 1,600
0,0.00530422273795,3,0.797813717953,0.009024707358,199,Level: 3 adaptive: 0,600
0,0.00530422273795,3,0.797813717953,0.009024707358,199,Level: 3 adaptive: 1,600
0,0.0284860933633,4,1.84887295496,0.0490459298476,1519,Level: 4 adaptive: 0,600
0,0.0284860933633,4,1.84887295496,0.0490459298476,1519,Level: 4 adaptive: 1,600
0,0.0189194738448,1,1.6274908105,0.045121889976,1,Level: 1 adaptive: 0,700
0,0.0189194738448,1,1.6274908105,0.045121889976,1,Level: 1 adaptive: 1,700
0,0.00581840964847,2,0.902539390158,0.0102629091943,19,Level: 2 adaptive: 0,700
0,0.00581840964847,2,0.902539390158,0.0102629091943,19,Level: 2 adaptive: 1,700
0,0.00450802142355,3,0.79443250141,0.00829648891921,199,Level: 3 adaptive: 0,700
0,0.00450802142355,3,0.79443250141,0.00829648891921,199,Level: 3 adaptive: 1,700
0,0.0313116500773,4,2.09371225597,0.0676692032249,1519,Level: 4 adaptive: 0,700
0,0.0313116500773,4,2.09371225597,0.0676692032249,1519,Level: 4 adaptive: 1,700
0,0.0228051438586,1,1.91018926219,0.0473150727177,1,Level: 1 adaptive: 0,800
0,0.0228051438586,1,1.91018926219,0.0473150727177,1,Level: 1 adaptive: 1,800
0,0.00566180783922,2,0.951782146437,0.0101107807218,19,Level: 2 adaptive: 0,800
0,0.00566180783922,2,0.951782146437,0.0101107807218,19,Level: 2 adaptive: 1,800
0,0.00513745558096,3,0.90663823709,0.00922582221589,199,Level: 3 adaptive: 0,800
0,0.00513745558096,3,0.90663823709,0.00922582221589,199,Level: 3 adaptive: 1,800
0,0.0419277459849,4,2.59006551222,0.0996425776371,1519,Level: 4 adaptive: 0,800
0,0.0419277459849,4,2.59006551222,0.0996425776371,1519,Level: 4 adaptive: 1,800
0,0.0219331399151,1,1.98694871215,0.0400709642391,1,Level: 1 adaptive: 0,900
0,0.0219331399151,1,1.98694871215,0.0400709642391,1,Level: 1 adaptive: 1,900
0,0.00613742626917,2,1.05106456912,0.0108835703625,19,Level: 2 adaptive: 0,900
0,0.00613742626917,2,1.05106456912,0.0108835703625,19,Level: 2 adaptive: 1,900
0,0.00558174071108,3,1.00235389359,0.00923312824606,199,Level: 3 adaptive: 0,900
0,0.00558174071108,3,1.00235389359,0.00923312824606,199,Level: 3 adaptive: 1,900
0,0.126767752396,4,4.77683948142,0.364141532878,1519,Level: 4 adaptive: 0,900
0,0.126767752396,4,4.77683948142,0.364141532878,1519,Level: 4 adaptive: 1,900
0,0.0198076894157,1,1.99036124438,0.0407754562672,1,Level: 1 adaptive: 0,1000
0,0.0198076894157,1,1.99036124438,0.0407754562672,1,Level: 1 adaptive: 1,1000
0,0.00477961758796,2,0.977713412812,0.00919286350342,19,Level: 2 adaptive: 0,1000
0,0.00477961758796,2,0.977713412812,0.00919286350342,19,Level: 2 adaptive: 1,1000
0,0.00501444822889,3,1.00144378064,0.00894501495239,199,Level: 3 adaptive: 0,1000
0,0.00501444822889,3,1.00144378064,0.00894501495239,199,Level: 3 adaptive: 1,1000
0,0.0763152007105,4,3.90679410029,0.218582976667,1519,Level: 4 adaptive: 0,1000
0,0.0763152007105,4,3.90679410029,0.218582976667,1519,Level: 4 adaptive: 1,1000
0,0.0175215283033,1,1.96334821841,0.0298477860109,1,Level: 1 adaptive: 0,1100
0,0.0175215283033,1,1.96334821841,0.0298477860109,1,Level: 1 adaptive: 1,1100
0,0.00501406754417,2,1.05028322833,0.00887481989289,19,Level: 2 adaptive: 0,1100
0,0.00501406754417,2,1.05028322833,0.00887481989289,19,Level: 2 adaptive: 1,1100
0,0.00468332157615,3,1.01505209066,0.00815669504745,199,Level: 3 adaptive: 0,1100
0,0.00468332157615,3,1.01505209066,0.00815669504745,199,Level: 3 adaptive: 1,1100
0,0.082745858197,4,4.26662498977,0.21776666353,1519,Level: 4 adaptive: 0,1100
0,0.082745858197,4,4.26662498977,0.21776666353,1519,Level: 4 adaptive: 1,1100
0,0.0207266145917,1,2.23033349569,0.0442704849396,1,Level: 1 adaptive: 0,1200
0,0.0207266145917,1,2.23033349569,0.0442704849396,1,Level: 1 adaptive: 1,1200
0,0.00535054761769,2,1.13319522954,0.00985049526473,19,Level: 2 adaptive: 0,1200
0,0.00535054761769,2,1.13319522954,0.00985049526473,19,Level: 2 adaptive: 1,1200
0,0.00411579593833,3,0.9938767656,0.00673898854109,199,Level: 3 adaptive: 0,1200
0,0.00411579593833,3,0.9938767656,0.00673898854109,199,Level: 3 adaptive: 1,1200
0,0.058248134296,4,3.73892394026,0.158262178833,1519,Level: 4 adaptive: 0,1200
0,0.058248134296,4,3.73892394026,0.158262178833,1519,Level: 4 adaptive: 1,1200
0,0.0211381385589,1,2.34433701189,0.0642261249538,1,Level: 1 adaptive: 0,1300
0,0.0211381385589,1,2.34433701189,0.0642261249538,1,Level: 1 adaptive: 1,1300
0,0.00637978667577,2,1.28792256588,0.0151120729802,19,Level: 2 adaptive: 0,1300
0,0.00637978667577,2,1.28792256588,0.0151120729802,19,Level: 2 adaptive: 1,1300
0,0.00534601420962,3,1.17896721519,0.00950172033817,199,Level: 3 adaptive: 0,1300
0,0.00534601420962,3,1.17896721519,0.00950172033817,199,Level: 3 adaptive: 1,1300
0,0.0348957088814,4,3.01212289078,0.0827271179598,1519,Level: 4 adaptive: 0,1300
0,0.0348957088814,4,3.01212289078,0.0827271179598,1519,Level: 4 adaptive: 1,1300
0,0.0174241762975,1,2.20879364434,0.036606784563,1,Level: 1 adaptive: 0,1400
0,0.0174241762975,1,2.20879364434,0.036606784563,1,Level: 1 adaptive: 1,1400
0,0.00473409062347,2,1.15132331453,0.00827699360017,19,Level: 2 adaptive: 0,1400
0,0.00473409062347,2,1.15132331453,0.00827699360017,19,Level: 2 adaptive: 1,1400
0,0.00409525705523,3,1.07082770578,0.00747600716375,199,Level: 3 adaptive: 0,1400
0,0.00409525705523,3,1.07082770578,0.00747600716375,199,Level: 3 adaptive: 1,1400
0,0.0416351216997,4,3.41435705161,0.158081183871,1519,Level: 4 adaptive: 0,1400
0,0.0416351216997,4,3.41435705161,0.158081183871,1519,Level: 4 adaptive: 1,1400
0,0.0214194023956,1,2.53492025884,0.0520578537531,1,Level: 1 adaptive: 0,1500
0,0.0214194023956,1,2.53492025884,0.0520578537531,1,Level: 1 adaptive: 1,1500
0,0.00533725673559,2,1.26537623681,0.0109911772954,19,Level: 2 adaptive: 0,1500
0,0.00533725673559,2,1.26537623681,0.0109911772954,19,Level: 2 adaptive: 1,1500
0,0.00394497423398,3,1.0878843092,0.00682396171389,199,Level: 3 adaptive: 0,1500
0,0.00394497423398,3,1.0878843092,0.00682396171389,199,Level: 3 adaptive: 1,1500
0,0.0214495427703,4,2.53670314209,0.0582228542111,1519,Level: 4 adaptive: 0,1500
0,0.0214495427703,4,2.53670314209,0.0582228542111,1519,Level: 4 adaptive: 1,1500
0,0.0364994479455,1,0.854393913198,0.078668381115,1,Level: 1 adaptive: 0,100
0,0.0364994479455,1,0.854393913198,0.078668381115,1,Level: 1 adaptive: 1,100
0,0.0095745476922,2,0.437596793686,0.0229073846284,19,Level: 2 adaptive: 0,100
0,0.0095745476922,2,0.437596793686,0.0229073846284,19,Level: 2 adaptive: 1,100
0,0.0157353346575,3,0.560987248652,0.023242638773,199,Level: 3 adaptive: 0,100
0,0.0157353346575,3,0.560987248652,0.023242638773,199,Level: 3 adaptive: 1,100
0,0.0187742533403,4,0.612768363092,0.0314214510152,1519,Level: 4 adaptive: 0,100
0,0.0187742533403,4,0.612768363092,0.0314214510152,1519,Level: 4 adaptive: 1,100
0,0.0165760005376,1,0.814272694804,0.0244804172227,1,Level: 1 adaptive: 0,200
0,0.0165760005376,1,0.814272694804,0.0244804172227,1,Level: 1 adaptive: 1,200
0,0.00511127404185,2,0.452162538999,0.00926985097882,19,Level: 2 adaptive: 0,200
0,0.00511127404185,2,0.452162538999,0.00926985097882,19,Level: 2 adaptive: 1,200
0,0.145190443208,3,2.40989994156,0.300743145797,199,Level: 3 adaptive: 0,200
0,0.145190443208,3,2.40989994156,0.300743145797,199,Level: 3 adaptive: 1,200
0,0.012969016173,4,0.720250405706,0.0232182036427,1519,Level: 4 adaptive: 0,200
0,0.012969016173,4,0.720250405706,0.0232182036427,1519,Level: 4 adaptive: 1,200
0,0.0148605781432,1,0.944264098963,0.0229259870386,1,Level: 1 adaptive: 0,300
0,0.0148605781432,1,0.944264098963,0.0229259870386,1,Level: 1 adaptive: 1,300
0,0.00489501857415,2,0.541941984394,0.00997949074945,19,Level: 2 adaptive: 0,300
0,0.00489501857415,2,0.541941984394,0.00997949074945,19,Level: 2 adaptive: 1,300
0,0.00981764583564,3,0.767501628753,0.0227348402608,199,Level: 3 adaptive: 0,300
0,0.00981764583564,3,0.767501628753,0.0227348402608,199,Level: 3 adaptive: 1,300
0,0.0116790976905,4,0.837105645324,0.021534687922,1519,Level: 4 adaptive: 0,300
0,0.0116790976905,4,0.837105645324,0.021534687922,1519,Level: 4 adaptive: 1,300
0,0.028239803737,1,1.50305831522,0.0596754822649,1,Level: 1 adaptive: 0,400
0,0.028239803737,1,1.50305831522,0.0596754822649,1,Level: 1 adaptive: 1,400
0,0.00604638460112,2,0.695493183352,0.0123762877638,19,Level: 2 adaptive: 0,400
0,0.00604638460112,2,0.695493183352,0.0123762877638,19,Level: 2 adaptive: 1,400
0,0.00799530459971,3,0.799765195527,0.0164295564203,199,Level: 3 adaptive: 0,400
0,0.00799530459971,3,0.799765195527,0.0164295564203,199,Level: 3 adaptive: 1,400
0,0.0186567571912,4,1.22169577854,0.0404515605415,1519,Level: 4 adaptive: 0,400
0,0.0186567571912,4,1.22169577854,0.0404515605415,1519,Level: 4 adaptive: 1,400
0,0.0160777881866,1,1.26798218389,0.0316178886848,1,Level: 1 adaptive: 0,500
0,0.0160777881866,1,1.26798218389,0.0316178886848,1,Level: 1 adaptive: 1,500
0,0.00613035887571,2,0.782966083283,0.00996167998844,19,Level: 2 adaptive: 0,500
0,0.00613035887571,2,0.782966083283,0.00996167998844,19,Level: 2 adaptive: 1,500
0,0.00655903593274,3,0.809878752205,0.010815259622,199,Level: 3 adaptive: 0,500
0,0.00655903593274,3,0.809878752205,0.010815259622,199,Level: 3 adaptive: 1,500
0,0.0319000739547,4,1.78605918028,0.0827445985798,1519,Level: 4 adaptive: 0,500
0,0.0319000739547,4,1.78605918028,0.0827445985798,1519,Level: 4 adaptive: 1,500
0,0.0172522243863,1,1.43884221732,0.0312331881588,1,Level: 1 adaptive: 0,600
0,0.0172522243863,1,1.43884221732,0.0312331881588,1,Level: 1 adaptive: 1,600
0,0.0049908726865,2,0.773889347633,0.00825488674909,19,Level: 2 adaptive: 0,600
0,0.0049908726865,2,0.773889347633,0.00825488674909,19,Level: 2 adaptive: 1,600
0,0.00609591990531,3,0.855283805901,0.0112983460932,199,Level: 3 adaptive: 0,600
0,0.00609591990531,3,0.855283805901,0.0112983460932,199,Level: 3 adaptive: 1,600
0,0.0552863370714,4,2.57572522769,0.119837223011,1519,Level: 4 adaptive: 0,600
0,0.0552863370714,4,2.57572522769,0.119837223011,1519,Level: 4 adaptive: 1,600
0,0.0177758658656,1,1.57753644052,0.0396006468674,1,Level: 1 adaptive: 0,700
0,0.0177758658656,1,1.57753644052,0.0396006468674,1,Level: 1 adaptive: 1,700
0,0.0052377724427,2,0.856322452104,0.00910025447467,19,Level: 2 adaptive: 0,700
0,0.0052377724427,2,0.856322452104,0.00910025447467,19,Level: 2 adaptive: 1,700
0,0.00428818859966,3,0.774820239767,0.00744329322837,199,Level: 3 adaptive: 0,700
0,0.00428818859966,3,0.774820239767,0.00744329322837,199,Level: 3 adaptive: 1,700
0,0.0631196727124,4,2.9726678556,0.180719916504,1519,Level: 4 adaptive: 0,700
0,0.0631196727124,4,2.9726678556,0.180719916504,1519,Level: 4 adaptive: 1,700
0,0.0186413009685,1,1.72702291674,0.0354695585869,1,Level: 1 adaptive: 0,800
0,0.0186413009685,1,1.72702291674,0.0354695585869,1,Level: 1 adaptive: 1,800
0,0.00456696806213,2,0.854818629851,0.00865268377517,19,Level: 2 adaptive: 0,800
0,0.00456696806213,2,0.854818629851,0.00865268377517,19,Level: 2 adaptive: 1,800
0,0.00436536000268,3,0.835737758169,0.0109854444877,199,Level: 3 adaptive: 0,800
0,0.00436536000268,3,0.835737758169,0.0109854444877,199,Level: 3 adaptive: 1,800
0,0.0371782262943,4,2.43895801667,0.0827927983084,1519,Level: 4 adaptive: 0,800
0,0.0371782262943,4,2.43895801667,0.0827927983084,1519,Level: 4 adaptive: 1,800
0,0.0199998547896,1,1.89735970815,0.036823861383,1,Level: 1 adaptive: 0,900
0,0.0199998547896,1,1.89735970815,0.036823861383,1,Level: 1 adaptive: 1,900
0,0.00585732672581,2,1.02680027788,0.0102212741035,19,Level: 2 adaptive: 0,900
0,0.00585732672581,2,1.02680027788,0.0102212741035,19,Level: 2 adaptive: 1,900
0,0.00512535763947,3,0.960502147371,0.00987089684909,199,Level: 3 adaptive: 0,900
0,0.00512535763947,3,0.960502147371,0.00987089684909,199,Level: 3 adaptive: 1,900
0,0.0585606762647,4,3.24667856858,0.120734685922,1519,Level: 4 adaptive: 0,900
0,0.0585606762647,4,3.24667856858,0.120734685922,1519,Level: 4 adaptive: 1,900
0,0.0226059660304,1,2.1263097625,0.0504711627668,1,Level: 1 adaptive: 0,1000
0,0.0226059660304,1,2.1263097625,0.0504711627668,1,Level: 1 adaptive: 1,1000
0,0.0051965202881,2,1.01946263179,0.0102822755574,19,Level: 2 adaptive: 0,1000
0,0.0051965202881,2,1.01946263179,0.0102822755574,19,Level: 2 adaptive: 1,1000
0,0.00446665186127,3,0.945161558811,0.00796823233651,199,Level: 3 adaptive: 0,1000
0,0.00446665186127,3,0.945161558811,0.00796823233651,199,Level: 3 adaptive: 1,1000
0,0.0716352221324,4,3.78510824502,0.164313591845,1519,Level: 4 adaptive: 0,1000
0,0.0716352221324,4,3.78510824502,0.164313591845,1519,Level: 4 adaptive: 1,1000
0,0.0201372679617,1,2.10480377983,0.0486318364872,1,Level: 1 adaptive: 0,1100
0,0.0201372679617,1,2.10480377983,0.0486318364872,1,Level: 1 adaptive: 1,1100
0,0.00515994784043,2,1.06545226308,0.0102203720663,19,Level: 2 adaptive: 0,1100
0,0.00515994784043,2,1.06545226308,0.0102203720663,19,Level: 2 adaptive: 1,1100
0,0.00459283447025,3,1.00519828067,0.00781014628882,199,Level: 3 adaptive: 0,1100
0,0.00459283447025,3,1.00519828067,0.00781014628882,199,Level: 3 adaptive: 1,1100
0,0.0735206049771,4,4.02175746347,0.178572966314,1519,Level: 4 adaptive: 0,1100
0,0.0735206049771,4,4.02175746347,0.178572966314,1519,Level: 4 adaptive: 1,1100
0,0.0260277080761,1,2.49932989785,0.0582747990382,1,Level: 1 adaptive: 0,1200
0,0.0260277080761,1,2.49932989785,0.0582747990382,1,Level: 1 adaptive: 1,1200
0,0.00599510970892,2,1.19951087121,0.0117153644203,19,Level: 2 adaptive: 0,1200
0,0.00599510970892,2,1.19951087121,0.0117153644203,19,Level: 2 adaptive: 1,1200
0,0.00493387114363,3,1.08817694998,0.00886911965234,199,Level: 3 adaptive: 0,1200
0,0.00493387114363,3,1.08817694998,0.00886911965234,199,Level: 3 adaptive: 1,1200
0,0.0574996408205,4,3.71482352164,0.114003834364,1519,Level: 4 adaptive: 0,1200
0,0.0574996408205,4,3.71482352164,0.114003834364,1519,Level: 4 adaptive: 1,1200
0,0.023022769312,1,2.44661399104,0.0498294950472,1,Level: 1 adaptive: 0,1300
0,0.023022769312,1,2.44661399104,0.0498294950472,1,Level: 1 adaptive: 1,1300
0,0.00497920354835,2,1.13780179406,0.00958223548554,19,Level: 2 adaptive: 0,1300
0,0.00497920354835,2,1.13780179406,0.00958223548554,19,Level: 2 adaptive: 1,1300
0,0.0047054584684,3,1.10608281868,0.00797814175116,199,Level: 3 adaptive: 0,1300
0,0.0047054584684,3,1.10608281868,0.00797814175116,199,Level: 3 adaptive: 1,1300
0,0.0419145876598,4,3.30118051484,0.0950280049846,1519,Level: 4 adaptive: 0,1300
0,0.0419145876598,4,3.30118051484,0.0950280049846,1519,Level: 4 adaptive: 1,1300
0,0.0225670580519,1,2.51371761631,0.0644444098104,1,Level: 1 adaptive: 0,1400
0,0.0225670580519,1,2.51371761631,0.0644444098104,1,Level: 1 adaptive: 1,1400
0,0.00653730483247,2,1.35293952307,0.01523214385,19,Level: 2 adaptive: 0,1400
0,0.00653730483247,2,1.35293952307,0.01523214385,19,Level: 2 adaptive: 1,1400
0,0.00483059292314,3,1.16299871818,0.0090112838015,199,Level: 3 adaptive: 0,1400
0,0.00483059292314,3,1.16299871818,0.0090112838015,199,Level: 3 adaptive: 1,1400
0,0.0337111499932,4,3.07231541319,0.089267428666,1519,Level: 4 adaptive: 0,1400
0,0.0337111499932,4,3.07231541319,0.089267428666,1519,Level: 4 adaptive: 1,1400
0,0.0203337172199,1,2.4698411216,0.0474119464148,1,Level: 1 adaptive: 0,1500
0,0.0203337172199,1,2.4698411216,0.0474119464148,1,Level: 1 adaptive: 1,1500
0,0.0048275428659,2,1.20343793349,0.00964949434957,19,Level: 2 adaptive: 0,1500
0,0.0048275428659,2,1.20343793349,0.00964949434957,19,Level: 2 adaptive: 1,1500
0,0.00424867882857,3,1.12898345806,0.00737481126965,199,Level: 3 adaptive: 0,1500
0,0.00424867882857,3,1.12898345806,0.00737481126965,199,Level: 3 adaptive: 1,1500
0,0.0268637237146,4,2.83885841746,0.0851730749766,1519,Level: 4 adaptive: 0,1500
0,0.0268637237146,4,2.83885841746,0.0851730749766,1519,Level: 4 adaptive: 1,1500
0,0.0216550422704,1,0.658103977657,0.0270295846518,1,Level: 1 adaptive: 0,100
0,0.0216550422704,1,0.658103977657,0.0270295846518,1,Level: 1 adaptive: 1,100
0,0.00605366302268,2,0.347955831182,0.00847424491872,19,Level: 2 adaptive: 0,100
0,0.00605366302268,2,0.347955831182,0.00847424491872,19,Level: 2 adaptive: 1,100
0,0.0212449242785,3,0.651842377856,0.0440782177085,199,Level: 3 adaptive: 0,100
0,0.0212449242785,3,0.651842377856,0.0440782177085,199,Level: 3 adaptive: 1,100
0,0.0122587655604,4,0.495151806226,0.0228417271926,1519,Level: 4 adaptive: 0,100
0,0.0122587655604,4,0.495151806226,0.0228417271926,1519,Level: 4 adaptive: 1,100
0,0.00950354195534,1,0.616556305793,0.0176624670023,1,Level: 1 adaptive: 0,200
0,0.00950354195534,1,0.616556305793,0.0176624670023,1,Level: 1 adaptive: 1,200
0,0.00557957780595,2,0.472422599203,0.00861822042274,19,Level: 2 adaptive: 0,200
0,0.00557957780595,2,0.472422599203,0.00861822042274,19,Level: 2 adaptive: 1,200
0,0.145175476222,3,2.40977572584,0.299898388679,199,Level: 3 adaptive: 0,200
0,0.145175476222,3,2.40977572584,0.299898388679,199,Level: 3 adaptive: 1,200
0,0.0179862923687,4,0.848204983921,0.0401614588264,1519,Level: 4 adaptive: 0,200
0,0.0179862923687,4,0.848204983921,0.0401614588264,1519,Level: 4 adaptive: 1,200
0,0.0161462881814,1,0.984264847936,0.0279609735375,1,Level: 1 adaptive: 0,300
0,0.0161462881814,1,0.984264847936,0.0279609735375,1,Level: 1 adaptive: 1,300
0,0.00547143828354,2,0.572962736146,0.00979843816922,19,Level: 2 adaptive: 0,300
0,0.00547143828354,2,0.572962736146,0.00979843816922,19,Level: 2 adaptive: 1,300
0,0.00899871950391,3,0.734794644942,0.0145552507286,199,Level: 3 adaptive: 0,300
0,0.00899871950391,3,0.734794644942,0.0145552507286,199,Level: 3 adaptive: 1,300
0,0.00937207629387,4,0.749883042635,0.0155417510478,1519,Level: 4 adaptive: 0,300
0,0.00937207629387,4,0.749883042635,0.0155417510478,1519,Level: 4 adaptive: 1,300
0,0.0250836672496,1,1.4165780529,0.0578778574526,1,Level: 1 adaptive: 0,400
0,0.0250836672496,1,1.4165780529,0.0578778574526,1,Level: 1 adaptive: 1,400
0,0.00463606187587,2,0.60900324307,0.00906499829202,19,Level: 2 adaptive: 0,400
0,0.00463606187587,2,0.60900324307,0.00906499829202,19,Level: 2 adaptive: 1,400
0,0.00811622097793,3,0.805790095642,0.0164300968635,199,Level: 3 adaptive: 0,400
0,0.00811622097793,3,0.805790095642,0.0164300968635,199,Level: 3 adaptive: 1,400
0,0.0184430961729,4,1.2146800788,0.0321516142641,1519,Level: 4 adaptive: 0,400
0,0.0184430961729,4,1.2146800788,0.0321516142641,1519,Level: 4 adaptive: 1,400
0,0.0232826342242,1,1.52586481132,0.0653592628286,1,Level: 1 adaptive: 0,500
0,0.0232826342242,1,1.52586481132,0.0653592628286,1,Level: 1 adaptive: 1,500
0,0.00574996890714,2,0.7582854942,0.0146472214508,19,Level: 2 adaptive: 0,500
0,0.00574996890714,2,0.7582854942,0.0146472214508,19,Level: 2 adaptive: 1,500
0,0.0064810556814,3,0.805050040768,0.0131127245936,199,Level: 3 adaptive: 0,500
0,0.0064810556814,3,0.805050040768,0.0131127245936,199,Level: 3 adaptive: 1,500
0,0.0212559716969,4,1.45794278684,0.0409336971019,1519,Level: 4 adaptive: 0,500
0,0.0212559716969,4,1.45794278684,0.0409336971019,1519,Level: 4 adaptive: 1,500
0,0.019543485133,1,1.53141053149,0.0340514004019,1,Level: 1 adaptive: 0,600
0,0.019543485133,1,1.53141053149,0.0340514004019,1,Level: 1 adaptive: 1,600
0,0.00409633469293,2,0.701113516595,0.0067597466173,19,Level: 2 adaptive: 0,600
0,0.00409633469293,2,0.701113516595,0.0067597466173,19,Level: 2 adaptive: 1,600
0,0.00413082592186,3,0.704059024957,0.00649704790879,199,Level: 3 adaptive: 0,600
0,0.00413082592186,3,0.704059024957,0.00649704790879,199,Level: 3 adaptive: 1,600
0,0.0308615407837,4,1.92441806634,0.0544884795724,1519,Level: 4 adaptive: 0,600
0,0.0308615407837,4,1.92441806634,0.0544884795724,1519,Level: 4 adaptive: 1,600
0,0.0156871534603,1,1.48195866489,0.0247248984698,1,Level: 1 adaptive: 0,700
0,0.0156871534603,1,1.48195866489,0.0247248984698,1,Level: 1 adaptive: 1,700
0,0.0047258228917,2,0.813397322862,0.00880237356333,19,Level: 2 adaptive: 0,700
0,0.0047258228917,2,0.813397322862,0.00880237356333,19,Level: 2 adaptive: 1,700
0,0.00550726750888,3,0.878075994003,0.0107785398026,199,Level: 3 adaptive: 0,700
0,0.00550726750888,3,0.878075994003,0.0107785398026,199,Level: 3 adaptive: 1,700
0,0.0318595572056,4,2.11195123258,0.0762891096083,1519,Level: 4 adaptive: 0,700
0,0.0318595572056,4,2.11195123258,0.0762891096083,1519,Level: 4 adaptive: 1,700
0,0.0262308605941,1,2.04864289105,0.0593505510857,1,Level: 1 adaptive: 0,800
0,0.0262308605941,1,2.04864289105,0.0593505510857,1,Level: 1 adaptive: 1,800
0,0.00525260046533,2,0.916742098113,0.0119465878049,19,Level: 2 adaptive: 0,800
0,0.00525260046533,2,0.916742098113,0.0119465878049,19,Level: 2 adaptive: 1,800
0,0.00550821800306,3,0.938783724023,0.0100483093915,199,Level: 3 adaptive: 0,800
0,0.00550821800306,3,0.938783724023,0.0100483093915,199,Level: 3 adaptive: 1,800
0,0.0671399786903,4,3.27755954796,0.212748713716,1519,Level: 4 adaptive: 0,800
0,0.0671399786903,4,3.27755954796,0.212748713716,1519,Level: 4 adaptive: 1,800
0,0.0165359842728,1,1.72524698785,0.0322395712691,1,Level: 1 adaptive: 0,900
0,0.0165359842728,1,1.72524698785,0.0322395712691,1,Level: 1 adaptive: 1,900
0,0.00489360924045,2,0.938535914753,0.0118724099145,19,Level: 2 adaptive: 0,900
0,0.00489360924045,2,0.938535914753,0.0118724099145,19,Level: 2 adaptive: 1,900
0,0.00533251321597,3,0.979720561627,0.0114497832274,199,Level: 3 adaptive: 0,900
0,0.00533251321597,3,0.979720561627,0.0114497832274,199,Level: 3 adaptive: 1,900
0,0.0949841978122,4,4.13487068796,0.251724383278,1519,Level: 4 adaptive: 0,900
0,0.0949841978122,4,4.13487068796,0.251724383278,1519,Level: 4 adaptive: 1,900
0,0.0206933316859,1,2.03437123878,0.0566490101534,1,Level: 1 adaptive: 0,1000
0,0.0206933316859,1,2.03437123878,0.0566490101534,1,Level: 1 adaptive: 1,1000
0,0.00705104662189,2,1.1875223469,0.0145866990146,19,Level: 2 adaptive: 0,1000
0,0.00705104662189,2,1.1875223469,0.0145866990146,19,Level: 2 adaptive: 1,1000
0,0.00508867647836,3,1.00882867508,0.0088258147577,199,Level: 3 adaptive: 0,1000
0,0.00508867647836,3,1.00882867508,0.0088258147577,199,Level: 3 adaptive: 1,1000
0,0.109897506792,4,4.68823008804,0.284324325709,1519,Level: 4 adaptive: 0,1000
0,0.109897506792,4,4.68823008804,0.284324325709,1519,Level: 4 adaptive: 1,1000
0,0.0199287116881,1,2.09387596848,0.0473050089668,1,Level: 1 adaptive: 0,1100
0,0.0199287116881,1,2.09387596848,0.0473050089668,1,Level: 1 adaptive: 1,1100
0,0.00621402320639,2,1.16922414678,0.0108200669708,19,Level: 2 adaptive: 0,1100
0,0.00621402320639,2,1.16922414678,0.0108200669708,19,Level: 2 adaptive: 1,1100
0,0.00507104499221,3,1.05623382747,0.00883350243577,199,Level: 3 adaptive: 0,1100
0,0.00507104499221,3,1.05623382747,0.00883350243577,199,Level: 3 adaptive: 1,1100
0,0.0941657669237,4,4.55153476568,0.250992116066,1519,Level: 4 adaptive: 0,1100
0,0.0941657669237,4,4.55153476568,0.250992116066,1519,Level: 4 adaptive: 1,1100
0,0.0208297257144,1,2.23587436397,0.0519395453326,1,Level: 1 adaptive: 0,1200
0,0.0208297257144,1,2.23587436397,0.0519395453326,1,Level: 1 adaptive: 1,1200
0,0.00551509808851,2,1.15048839248,0.0112010832577,19,Level: 2 adaptive: 0,1200
0,0.00551509808851,2,1.15048839248,0.0112010832577,19,Level: 2 adaptive: 1,1200
0,0.0048360150622,3,1.07733171072,0.00841689315217,199,Level: 3 adaptive: 0,1200
0,0.0048360150622,3,1.07733171072,0.00841689315217,199,Level: 3 adaptive: 1,1200
0,0.0665155378147,4,3.99546356203,0.179589766028,1519,Level: 4 adaptive: 0,1200
0,0.0665155378147,4,3.99546356203,0.179589766028,1519,Level: 4 adaptive: 1,1200
0,0.0238688326711,1,2.4911636828,0.066360508212,1,Level: 1 adaptive: 0,1300
0,0.0238688326711,1,2.4911636828,0.066360508212,1,Level: 1 adaptive: 1,1300
0,0.00606253741113,2,1.25549182669,0.0147895531397,19,Level: 2 adaptive: 0,1300
0,0.00606253741113,2,1.25549182669,0.0147895531397,19,Level: 2 adaptive: 1,1300
0,0.00458063117559,3,1.0913130191,0.00921396927564,199,Level: 3 adaptive: 0,1300
0,0.00458063117559,3,1.0913130191,0.00921396927564,199,Level: 3 adaptive: 1,1300
0,0.0784874773312,4,4.51738243966,0.387139763695,1519,Level: 4 adaptive: 0,1300
0,0.0784874773312,4,4.51738243966,0.387139763695,1519,Level: 4 adaptive: 1,1300
0,0.0249304305187,1,2.64206747552,0.0587579413179,1,Level: 1 adaptive: 0,1400
0,0.0249304305187,1,2.64206747552,0.0587579413179,1,Level: 1 adaptive: 1,1400
0,0.00601449060627,2,1.29771236018,0.0131490358295,19,Level: 2 adaptive: 0,1400
0,0.00601449060627,2,1.29771236018,0.0131490358295,19,Level: 2 adaptive: 1,1400
0,0.00476486715956,3,1.15505965416,0.00905015423972,199,Level: 3 adaptive: 0,1400
0,0.00476486715956,3,1.15505965416,0.00905015423972,199,Level: 3 adaptive: 1,1400
0,0.0425548311385,4,3.45186221028,0.266310908944,1519,Level: 4 adaptive: 0,1400
0,0.0425548311385,4,3.45186221028,0.266310908944,1519,Level: 4 adaptive: 1,1400
0,0.0253366776029,1,2.75699170852,0.0660296935621,1,Level: 1 adaptive: 0,1500
0,0.0253366776029,1,2.75699170852,0.0660296935621,1,Level: 1 adaptive: 1,1500
0,0.00576938334725,2,1.31560442542,0.0142210744264,19,Level: 2 adaptive: 0,1500
0,0.00576938334725,2,1.31560442542,0.0142210744264,19,Level: 2 adaptive: 1,1500
0,0.00431880910918,3,1.1382630332,0.00835163605138,199,Level: 3 adaptive: 0,1500
0,0.00431880910918,3,1.1382630332,0.00835163605138,199,Level: 3 adaptive: 1,1500
0,0.0302100016281,4,3.01048177015,0.0712003162521,1519,Level: 4 adaptive: 0,1500
0,0.0302100016281,4,3.01048177015,0.0712003162521,1519,Level: 4 adaptive: 1,1500
0,0.0549197750668,1,1.04804365431,0.143188526014,1,Level: 1 adaptive: 0,100
0,0.0549197750668,1,1.04804365431,0.143188526014,1,Level: 1 adaptive: 1,100
0,0.00915937657904,2,0.428004125659,0.0147494664627,19,Level: 2 adaptive: 0,100
0,0.00915937657904,2,0.428004125659,0.0147494664627,19,Level: 2 adaptive: 1,100
0,0.0395390566372,3,0.889258754663,0.0951023391995,199,Level: 3 adaptive: 0,100
0,0.0395390566372,3,0.889258754663,0.0951023391995,199,Level: 3 adaptive: 1,100
0,0.0171077724429,4,0.584940551558,0.0284512765174,1519,Level: 4 adaptive: 0,100
0,0.0171077724429,4,0.584940551558,0.0284512765174,1519,Level: 4 adaptive: 1,100
0,0.0192527147003,1,0.877558310321,0.042870111855,1,Level: 1 adaptive: 0,200
0,0.0192527147003,1,0.877558310321,0.042870111855,1,Level: 1 adaptive: 1,200
0,0.00737685738929,2,0.543207414872,0.0106763996172,19,Level: 2 adaptive: 0,200
0,0.00737685738929,2,0.543207414872,0.0106763996172,19,Level: 2 adaptive: 1,200
0,0.163193080969,3,2.55494094624,0.402881800364,199,Level: 3 adaptive: 0,200
0,0.163193080969,3,2.55494094624,0.402881800364,199,Level: 3 adaptive: 1,200
0,0.0112615942448,4,0.671165977827,0.0202513319414,1519,Level: 4 adaptive: 0,200
0,0.0112615942448,4,0.671165977827,0.0202513319414,1519,Level: 4 adaptive: 1,200
0,0.0203534777913,1,1.10508310433,0.0347696760127,1,Level: 1 adaptive: 0,300
0,0.0203534777913,1,1.10508310433,0.0347696760127,1,Level: 1 adaptive: 1,300
0,0.00728770245702,2,0.661258003673,0.0126209921938,19,Level: 2 adaptive: 0,300
0,0.00728770245702,2,0.661258003673,0.0126209921938,19,Level: 2 adaptive: 1,300
0,0.00899306809685,3,0.734563874562,0.0143652228563,199,Level: 3 adaptive: 0,300
0,0.00899306809685,3,0.734563874562,0.0143652228563,199,Level: 3 adaptive: 1,300
0,0.0139457374644,4,0.91473725619,0.0236100177036,1519,Level: 4 adaptive: 0,300
0,0.0139457374644,4,0.91473725619,0.0236100177036,1519,Level: 4 adaptive: 1,300
0,0.0242279969408,1,1.39220679328,0.0743224349757,1,Level: 1 adaptive: 0,400
0,0.0242279969408,1,1.39220679328,0.0743224349757,1,Level: 1 adaptive: 1,400
0,0.00647737059291,2,0.719853907007,0.0162624376199,19,Level: 2 adaptive: 0,400
0,0.00647737059291,2,0.719853907007,0.0162624376199,19,Level: 2 adaptive: 1,400
0,0.010348633892,3,0.909884998976,0.01824699729,199,Level: 3 adaptive: 0,400
0,0.010348633892,3,0.909884998976,0.01824699729,199,Level: 3 adaptive: 1,400
0,0.0186297481201,4,1.22081114412,0.0438836294827,1519,Level: 4 adaptive: 0,400
0,0.0186297481201,4,1.22081114412,0.0438836294827,1519,Level: 4 adaptive: 1,400
0,0.0209966990659,1,1.4490237771,0.0496720442231,1,Level: 1 adaptive: 0,500
0,0.0209966990659,1,1.4490237771,0.0496720442231,1,Level: 1 adaptive: 1,500
0,0.0070569082417,2,0.840054060266,0.0136887630929,19,Level: 2 adaptive: 0,500
0,0.0070569082417,2,0.840054060266,0.0136887630929,19,Level: 2 adaptive: 1,500
0,0.00657480870811,3,0.810851941362,0.0128336308897,199,Level: 3 adaptive: 0,500
0,0.00657480870811,3,0.810851941362,0.0128336308897,199,Level: 3 adaptive: 1,500
0,0.026140898113,4,1.61681471149,0.0490793490182,1519,Level: 4 adaptive: 0,500
0,0.026140898113,4,1.61681471149,0.0490793490182,1519,Level: 4 adaptive: 1,500
0,0.0200776671806,1,1.55219846079,0.0452080672976,1,Level: 1 adaptive: 0,600
0,0.0200776671806,1,1.55219846079,0.0452080672976,1,Level: 1 adaptive: 1,600
0,0.00630157538037,2,0.86959130955,0.011513750526,19,Level: 2 adaptive: 0,600
0,0.00630157538037,2,0.86959130955,0.011513750526,19,Level: 2 adaptive: 1,600
0,0.00618236084631,3,0.861326477915,0.0108025584616,199,Level: 3 adaptive: 0,600
0,0.00618236084631,3,0.861326477915,0.0108025584616,199,Level: 3 adaptive: 1,600
0,0.0266048759157,4,1.78678065522,0.0673518464128,1519,Level: 4 adaptive: 0,600
0,0.0266048759157,4,1.78678065522,0.0673518464128,1519,Level: 4 adaptive: 1,600
0,0.0169757973171,1,1.54162629207,0.0344317523898,1,Level: 1 adaptive: 0,700
0,0.0169757973171,1,1.54162629207,0.0344317523898,1,Level: 1 adaptive: 1,700
0,0.00540611222897,2,0.869974546786,0.0095085377368,19,Level: 2 adaptive: 0,700
0,0.00540611222897,2,0.869974546786,0.0095085377368,19,Level: 2 adaptive: 1,700
0,0.00465821248978,3,0.807557891776,0.00853291861742,199,Level: 3 adaptive: 0,700
0,0.00465821248978,3,0.807557891776,0.00853291861742,199,Level: 3 adaptive: 1,700
0,0.0518911646166,4,2.69532243829,0.114050244397,1519,Level: 4 adaptive: 0,700
0,0.0518911646166,4,2.69532243829,0.114050244397,1519,Level: 4 adaptive: 1,700
0,0.0167283849279,1,1.63601393284,0.0317243121011,1,Level: 1 adaptive: 0,800
0,0.0167283849279,1,1.63601393284,0.0317243121011,1,Level: 1 adaptive: 1,800
0,0.00497308725687,2,0.89201679418,0.00836586094988,19,Level: 2 adaptive: 0,800
0,0.00497308725687,2,0.89201679418,0.00836586094988,19,Level: 2 adaptive: 1,800
0,0.00503326268426,3,0.897397364316,0.00806510006335,199,Level: 3 adaptive: 0,800
0,0.00503326268426,3,0.897397364316,0.00806510006335,199,Level: 3 adaptive: 1,800
0,0.0523676880635,4,2.89462088885,0.114579987656,1519,Level: 4 adaptive: 0,800
0,0.0523676880635,4,2.89462088885,0.114579987656,1519,Level: 4 adaptive: 1,800
0,0.0246723287074,1,2.1073725744,0.0566715429704,1,Level: 1 adaptive: 0,900
0,0.0246723287074,1,2.1073725744,0.0566715429704,1,Level: 1 adaptive: 1,900
0,0.00565690678145,2,1.00908038365,0.0113479371315,19,Level: 2 adaptive: 0,900
0,0.00565690678145,2,1.00908038365,0.0113479371315,19,Level: 2 adaptive: 1,900
0,0.00517309861,3,0.964965154707,0.00917477533794,199,Level: 3 adaptive: 0,900
0,0.00517309861,3,0.964965154707,0.00917477533794,199,Level: 3 adaptive: 1,900
0,0.0819385976976,4,3.8404358588,0.293430514634,1519,Level: 4 adaptive: 0,900
0,0.0819385976976,4,3.8404358588,0.293430514634,1519,Level: 4 adaptive: 1,900
0,0.0217275704486,1,2.08458966939,0.0503360016183,1,Level: 1 adaptive: 0,1000
0,0.0217275704486,1,2.08458966939,0.0503360016183,1,Level: 1 adaptive: 1,1000
0,0.00599197637475,2,1.09471241655,0.0123567714811,19,Level: 2 adaptive: 0,1000
0,0.00599197637475,2,1.09471241655,0.0123567714811,19,Level: 2 adaptive: 1,1000
0,0.00494760747777,3,0.994746950512,0.00955604069798,199,Level: 3 adaptive: 0,1000
0,0.00494760747777,3,0.994746950512,0.00955604069798,199,Level: 3 adaptive: 1,1000
0,0.128149738992,4,5.06260286792,0.410466781083,1519,Level: 4 adaptive: 0,1000
0,0.128149738992,4,5.06260286792,0.410466781083,1519,Level: 4 adaptive: 1,1000
0,0.025651633395,1,2.37557558223,0.0674557798742,1,Level: 1 adaptive: 0,1100
0,0.025651633395,1,2.37557558223,0.0674557798742,1,Level: 1 adaptive: 1,1100
0,0.00673673161993,2,1.21740747344,0.0159080707037,19,Level: 2 adaptive: 0,1100
0,0.00673673161993,2,1.21740747344,0.0159080707037,19,Level: 2 adaptive: 1,1100
0,0.00560556336385,3,1.11050616389,0.0102611593155,199,Level: 3 adaptive: 0,1100
0,0.00560556336385,3,1.11050616389,0.0102611593155,199,Level: 3 adaptive: 1,1100
0,0.0610403657437,4,3.66454369105,0.134330032924,1519,Level: 4 adaptive: 0,1100
0,0.0610403657437,4,3.66454369105,0.134330032924,1519,Level: 4 adaptive: 1,1100
0,0.0189590175373,1,2.13311139159,0.0419465228844,1,Level: 1 adaptive: 0,1200
0,0.0189590175373,1,2.13311139159,0.0419465228844,1,Level: 1 adaptive: 1,1200
0,0.00580913221678,2,1.18075896441,0.0106204788763,19,Level: 2 adaptive: 0,1200
0,0.00580913221678,2,1.18075896441,0.0106204788763,19,Level: 2 adaptive: 1,1200
0,0.00476200779056,3,1.06905653252,0.00823744673438,199,Level: 3 adaptive: 0,1200
0,0.00476200779056,3,1.06905653252,0.00823744673438,199,Level: 3 adaptive: 1,1200
0,0.0860302132021,4,4.5439246438,0.424248578991,1519,Level: 4 adaptive: 0,1200
0,0.0860302132021,4,4.5439246438,0.424248578991,1519,Level: 4 adaptive: 1,1200
0,0.0213714328929,1,2.35723833164,0.0598716776155,1,Level: 1 adaptive: 0,1300
0,0.0213714328929,1,2.35723833164,0.0598716776155,1,Level: 1 adaptive: 1,1300
0,0.00527192627244,2,1.17076933289,0.0121952989375,19,Level: 2 adaptive: 0,1300
0,0.00527192627244,2,1.17076933289,0.0121952989375,19,Level: 2 adaptive: 1,1300
0,0.00394217594712,3,1.0124059197,0.00777674273828,199,Level: 3 adaptive: 0,1300
0,0.00394217594712,3,1.0124059197,0.00777674273828,199,Level: 3 adaptive: 1,1300
0,0.0475591671083,4,3.51644471706,0.190629998117,1519,Level: 4 adaptive: 0,1300
0,0.0475591671083,4,3.51644471706,0.190629998117,1519,Level: 4 adaptive: 1,1300
0,0.0241231568457,1,2.59893899829,0.0578135667102,1,Level: 1 adaptive: 0,1400
0,0.0241231568457,1,2.59893899829,0.0578135667102,1,Level: 1 adaptive: 1,1400
0,0.00569384410358,2,1.26264656536,0.0123271709138,19,Level: 2 adaptive: 0,1400
0,0.00569384410358,2,1.26264656536,0.0123271709138,19,Level: 2 adaptive: 1,1400
0,0.0042079975148,3,1.08546732062,0.00815914653779,199,Level: 3 adaptive: 0,1400
0,0.0042079975148,3,1.08546732062,0.00815914653779,199,Level: 3 adaptive: 1,1400
0,0.0355055675315,4,3.15302377232,0.0916780358393,1519,Level: 4 adaptive: 0,1400
0,0.0355055675315,4,3.15302377232,0.0916780358393,1519,Level: 4 adaptive: 1,1400
0,0.0193428439916,1,2.40891120581,0.0392303198369,1,Level: 1 adaptive: 0,1500
0,0.0193428439916,1,2.40891120581,0.0392303198369,1,Level: 1 adaptive: 1,1500
0,0.00446127666502,2,1.15688504161,0.00852443093365,19,Level: 2 adaptive: 0,1500
0,0.00446127666502,2,1.15688504161,0.00852443093365,19,Level: 2 adaptive: 1,1500
0,0.00365179855002,3,1.0466802592,0.00624503985615,199,Level: 3 adaptive: 0,1500
0,0.00365179855002,3,1.0466802592,0.00624503985615,199,Level: 3 adaptive: 1,1500
0,0.0263845454505,4,2.81342560505,0.131639829271,1519,Level: 4 adaptive: 0,1500
0,0.0263845454505,4,2.81342560505,0.131639829271,1519,Level: 4 adaptive: 1,1500
0,0.0189085511765,1,0.614956115125,0.0273809608952,1,Level: 1 adaptive: 0,100
0,0.0189085511765,1,0.614956115125,0.0273809608952,1,Level: 1 adaptive: 1,100
0,0.0032685449481,2,0.255677333689,0.00622140672337,19,Level: 2 adaptive: 0,100
0,0.0032685449481,2,0.255677333689,0.00622140672337,19,Level: 2 adaptive: 1,100
0,0.0217680103406,3,0.659818313486,0.0407559095611,199,Level: 3 adaptive: 0,100
0,0.0217680103406,3,0.659818313486,0.0407559095611,199,Level: 3 adaptive: 1,100
0,0.0141597488497,4,0.532160668402,0.0284675785057,1519,Level: 4 adaptive: 0,100
0,0.0141597488497,4,0.532160668402,0.0284675785057,1519,Level: 4 adaptive: 1,100
0,0.0235164371626,1,0.969874984988,0.0525525452308,1,Level: 1 adaptive: 0,200
0,0.0235164371626,1,0.969874984988,0.0525525452308,1,Level: 1 adaptive: 1,200
0,0.00490403981611,2,0.442901335112,0.00818394597622,19,Level: 2 adaptive: 0,200
0,0.00490403981611,2,0.442901335112,0.00818394597622,19,Level: 2 adaptive: 1,200
0,0.128009395188,3,2.26282474079,0.372612923633,199,Level: 3 adaptive: 0,200
0,0.128009395188,3,2.26282474079,0.372612923633,199,Level: 3 adaptive: 1,200
0,0.012942578262,4,0.719515900089,0.0203340976009,1519,Level: 4 adaptive: 0,200
0,0.012942578262,4,0.719515900089,0.0203340976009,1519,Level: 4 adaptive: 1,200
0,0.0189585549894,1,1.06654268521,0.0338360383839,1,Level: 1 adaptive: 0,300
0,0.0189585549894,1,1.06654268521,0.0338360383839,1,Level: 1 adaptive: 1,300
0,0.00558485989405,2,0.578870964588,0.00853578465586,19,Level: 2 adaptive: 0,300
0,0.00558485989405,2,0.578870964588,0.00853578465586,19,Level: 2 adaptive: 1,300
0,0.00900412326538,3,0.735015235164,0.0150791941709,199,Level: 3 adaptive: 0,300
0,0.00900412326538,3,0.735015235164,0.0150791941709,199,Level: 3 adaptive: 1,300
0,0.0143677555657,4,0.928474735221,0.0245148913062,1519,Level: 4 adaptive: 0,300
0,0.0143677555657,4,0.928474735221,0.0245148913062,1519,Level: 4 adaptive: 1,300
0,0.018554304195,1,1.21833670863,0.0312893806918,1,Level: 1 adaptive: 0,400
0,0.018554304195,1,1.21833670863,0.0312893806918,1,Level: 1 adaptive: 1,400
0,0.00574950754255,2,0.678203954135,0.0113284413314,19,Level: 2 adaptive: 0,400
0,0.00574950754255,2,0.678203954135,0.0113284413314,19,Level: 2 adaptive: 1,400
0,0.00678734202531,3,0.736876761762,0.011286826585,199,Level: 3 adaptive: 0,400
0,0.00678734202531,3,0.736876761762,0.011286826585,199,Level: 3 adaptive: 1,400
0,0.0180953604527,4,1.20317448286,0.0386538031851,1519,Level: 4 adaptive: 0,400
0,0.0180953604527,4,1.20317448286,0.0386538031851,1519,Level: 4 adaptive: 1,400
0,0.0137055002805,1,1.17070492783,0.0197406057528,1,Level: 1 adaptive: 0,500
0,0.0137055002805,1,1.17070492783,0.0197406057528,1,Level: 1 adaptive: 1,500
0,0.00619707304499,2,0.787214903631,0.0166146367986,19,Level: 2 adaptive: 0,500
0,0.00619707304499,2,0.787214903631,0.0166146367986,19,Level: 2 adaptive: 1,500
0,0.00608315050639,3,0.77994554338,0.0123940085259,199,Level: 3 adaptive: 0,500
0,0.00608315050639,3,0.77994554338,0.0123940085259,199,Level: 3 adaptive: 1,500
0,0.0224983697662,4,1.49994565789,0.044869526931,1519,Level: 4 adaptive: 0,500
0,0.0224983697662,4,1.49994565789,0.044869526931,1519,Level: 4 adaptive: 1,500
0,0.0206914416908,1,1.57574522144,0.0424862211958,1,Level: 1 adaptive: 0,600
0,0.0206914416908,1,1.57574522144,0.0424862211958,1,Level: 1 adaptive: 1,600
0,0.00513110183667,2,0.784686064869,0.00877988157894,19,Level: 2 adaptive: 0,600
0,0.00513110183667,2,0.784686064869,0.00877988157894,19,Level: 2 adaptive: 1,600
0,0.00659367979704,3,0.889517608395,0.0110084016461,199,Level: 3 adaptive: 0,600
0,0.00659367979704,3,0.889517608395,0.0110084016461,199,Level: 3 adaptive: 1,600
0,0.0335489972165,4,2.00645948526,0.065542940684,1519,Level: 4 adaptive: 0,600
0,0.0335489972165,4,2.00645948526,0.065542940684,1519,Level: 4 adaptive: 1,600
0,0.0172983498056,1,1.55620338413,0.0296867479089,1,Level: 1 adaptive: 0,700
0,0.0172983498056,1,1.55620338413,0.0296867479089,1,Level: 1 adaptive: 1,700
0,0.00484866235719,2,0.823900922445,0.0081357372158,19,Level: 2 adaptive: 0,700
0,0.00484866235719,2,0.823900922445,0.0081357372158,19,Level: 2 adaptive: 1,700
0,0.00522621604635,3,0.855377253899,0.00907073192459,199,Level: 3 adaptive: 0,700
0,0.00522621604635,3,0.855377253899,0.00907073192459,199,Level: 3 adaptive: 1,700
0,0.0378034720537,4,2.30054039033,0.0743187374666,1519,Level: 4 adaptive: 0,700
0,0.0378034720537,4,2.30054039033,0.0743187374666,1519,Level: 4 adaptive: 1,700
0,0.0187209983544,1,1.73071076055,0.0384629353997,1,Level: 1 adaptive: 0,800
0,0.0187209983544,1,1.73071076055,0.0384629353997,1,Level: 1 adaptive: 1,800
0,0.005158546132,2,0.90849732037,0.0105074939313,19,Level: 2 adaptive: 0,800
0,0.005158546132,2,0.90849732037,0.0105074939313,19,Level: 2 adaptive: 1,800
0,0.00470726683729,3,0.867849465038,0.00938201885101,199,Level: 3 adaptive: 0,800
0,0.00470726683729,3,0.867849465038,0.00938201885101,199,Level: 3 adaptive: 1,800
0,0.0463601934865,4,2.72353280829,0.113003358439,1519,Level: 4 adaptive: 0,800
0,0.0463601934865,4,2.72353280829,0.113003358439,1519,Level: 4 adaptive: 1,800
0,0.0164538444334,1,1.72095671009,0.0299066936428,1,Level: 1 adaptive: 0,900
0,0.0164538444334,1,1.72095671009,0.0299066936428,1,Level: 1 adaptive: 1,900
0,0.00432060491837,2,0.881878044463,0.00749221846549,19,Level: 2 adaptive: 0,900
0,0.00432060491837,2,0.881878044463,0.00749221846549,19,Level: 2 adaptive: 1,900
0,0.0049300523304,3,0.942024107691,0.00905221153299,199,Level: 3 adaptive: 0,900
0,0.0049300523304,3,0.942024107691,0.00905221153299,199,Level: 3 adaptive: 1,900
0,0.0891228677319,4,4.00526106412,0.211851271559,1519,Level: 4 adaptive: 0,900
0,0.0891228677319,4,4.00526106412,0.211851271559,1519,Level: 4 adaptive: 1,900
0,0.0191067146015,1,1.95482554728,0.0492977553486,1,Level: 1 adaptive: 0,1000
0,0.0191067146015,1,1.95482554728,0.0492977553486,1,Level: 1 adaptive: 1,1000
0,0.00673335706178,2,1.16046172378,0.0126792076559,19,Level: 2 adaptive: 0,1000
0,0.00673335706178,2,1.16046172378,0.0126792076559,19,Level: 2 adaptive: 1,1000
0,0.00524389670226,3,1.02409928252,0.00931228524278,199,Level: 3 adaptive: 0,1000
0,0.00524389670226,3,1.02409928252,0.00931228524278,199,Level: 3 adaptive: 1,1000
0,0.093996970782,4,4.33582681347,0.240317713968,1519,Level: 4 adaptive: 0,1000
0,0.093996970782,4,4.33582681347,0.240317713968,1519,Level: 4 adaptive: 1,1000
0,0.0220195949211,1,2.20097952799,0.0570609513414,1,Level: 1 adaptive: 0,1100
0,0.0220195949211,1,2.20097952799,0.0570609513414,1,Level: 1 adaptive: 1,1100
0,0.00574280010548,2,1.12401780378,0.0133041292706,19,Level: 2 adaptive: 0,1100
0,0.00574280010548,2,1.12401780378,0.0133041292706,19,Level: 2 adaptive: 1,1100
0,0.00440036146954,3,0.983910322793,0.0070924238065,199,Level: 3 adaptive: 0,1100
0,0.00440036146954,3,0.983910322793,0.0070924238065,199,Level: 3 adaptive: 1,1100
0,0.0696538337538,4,3.91456810208,0.197227146347,1519,Level: 4 adaptive: 0,1100
0,0.0696538337538,4,3.91456810208,0.197227146347,1519,Level: 4 adaptive: 1,1100
0,0.0235129953408,1,2.37552496973,0.0553546723521,1,Level: 1 adaptive: 0,1200
0,0.0235129953408,1,2.37552496973,0.0553546723521,1,Level: 1 adaptive: 1,1200
0,0.00630016936847,2,1.22965062047,0.0138941470569,19,Level: 2 adaptive: 0,1200
0,0.00630016936847,2,1.22965062047,0.0138941470569,19,Level: 2 adaptive: 1,1200
0,0.0053171270815,3,1.12965060951,0.0102549447317,199,Level: 3 adaptive: 0,1200
0,0.0053171270815,3,1.12965060951,0.0102549447317,199,Level: 3 adaptive: 1,1200
0,0.0737536199308,4,4.20724004347,0.174928559097,1519,Level: 4 adaptive: 0,1200
0,0.0737536199308,4,4.20724004347,0.174928559097,1519,Level: 4 adaptive: 1,1200
0,0.0204429678216,1,2.30546560018,0.0439609958472,1,Level: 1 adaptive: 0,1300
0,0.0204429678216,1,2.30546560018,0.0439609958472,1,Level: 1 adaptive: 1,1300
0,0.00530483026968,2,1.17441724703,0.00963874829175,19,Level: 2 adaptive: 0,1300
0,0.00530483026968,2,1.17441724703,0.00963874829175,19,Level: 2 adaptive: 1,1300
0,0.00393330054774,3,1.01126561417,0.00727498674283,199,Level: 3 adaptive: 0,1300
0,0.00393330054774,3,1.01126561417,0.00727498674283,199,Level: 3 adaptive: 1,1300
0,0.0381991729723,4,3.15147346059,0.0863690264007,1519,Level: 4 adaptive: 0,1300
0,0.0381991729723,4,3.15147346059,0.0863690264007,1519,Level: 4 adaptive: 1,1300
0,0.0212090827373,1,2.43691263004,0.0603140344612,1,Level: 1 adaptive: 0,1400
0,0.0212090827373,1,2.43691263004,0.0603140344612,1,Level: 1 adaptive: 1,1400
0,0.00586350802585,2,1.28132050918,0.0125047386964,19,Level: 2 adaptive: 0,1400
0,0.00586350802585,2,1.28132050918,0.0125047386964,19,Level: 2 adaptive: 1,1400
0,0.00447837997424,3,1.11979747847,0.00806206858199,199,Level: 3 adaptive: 0,1400
0,0.00447837997424,3,1.11979747847,0.00806206858199,199,Level: 3 adaptive: 1,1400
0,0.0385448477568,4,3.28520279007,0.114476541216,1519,Level: 4 adaptive: 0,1400
0,0.0385448477568,4,3.28520279007,0.114476541216,1519,Level: 4 adaptive: 1,1400
0,0.0209140698924,1,2.50483950938,0.0460744376088,1,Level: 1 adaptive: 0,1500
0,0.0209140698924,1,2.50483950938,0.0460744376088,1,Level: 1 adaptive: 1,1500
0,0.00549766654938,2,1.28425074063,0.0104539420098,19,Level: 2 adaptive: 0,1500
0,0.00549766654938,2,1.28425074063,0.0104539420098,19,Level: 2 adaptive: 1,1500
0,0.00406729481583,3,1.10462140335,0.00694676531612,199,Level: 3 adaptive: 0,1500
0,0.00406729481583,3,1.10462140335,0.00694676531612,199,Level: 3 adaptive: 1,1500
0,0.0245226541465,4,2.7123414689,0.0691772017477,1519,Level: 4 adaptive: 0,1500
0,0.0245226541465,4,2.7123414689,0.0691772017477,1519,Level: 4 adaptive: 1,1500
